Tube_ID,Color,Temperature,Accession,Species,Cond_freeze,Cond_N,Cond_boiling,Date,
103,red,4,1115-76 A,TATA,5.4,30.2,,3/13/20,0.178807947
658,red,4,1115-76 A,TATA,6.9,28.2,,3/13/20,0.244680851
161,orange,-10,1115-76 A,TATA,7.8,28.6,,3/13/20,0.272727273
654,red,4,1115-76 A,TATA,9.5,34,,3/13/20,0.279411765
167,orange,-10,1115-76 A,TATA,16.6,37,,3/13/20,0.448648649
242,orange,-10,1115-76 A,TATA,19,35.2,,3/13/20,0.539772727
689,orange,-20,1115-76 A,TATA,18.9,35,,3/13/20,0.54
740,green,-40,1115-76 A,TATA,23.2,40.7,,3/13/20,0.57002457
142,orange,-20,1115-76 A,TATA,28.9,48.4,,3/13/20,0.597107438
344,yellow,-30,1115-76 A,TATA,36.4,56.9,,3/13/20,0.639718805
352,yellow,-30,1115-76 A,TATA,25,38.7,,3/13/20,0.645994832
365,yellow,-30,1115-76 A,TATA,26.1,39.9,,3/13/20,0.654135338
736,green,-60,1115-76 A,TATA,36.4,54.5,,3/13/20,0.667889908
742,green,-60,1115-76 A,TATA,22.3,33.1,,3/13/20,0.673716012
739,green,-40,1115-76 A,TATA,33.4,47,,3/13/20,0.710638298
765,green,-60,1115-76 A,TATA,29,40.8,,3/13/20,0.710784314
569,blue,-80,1115-76 A,TATA,35.8,50.1,,3/13/20,0.714570858
4,red,4,115-2000 A,TATA,2.6,24.3,,3/13/20,0.106995885
75,red,4,115-2000 A,TATA,2.9,27.1,,3/13/20,0.10701107
150,orange,-10,115-2000 A,TATA,6.6,27.8,,3/13/20,0.237410072
221,orange,-10,115-2000 A,TATA,10.5,40.7,,3/13/20,0.257985258
183,orange,-10,115-2000 A,TATA,10.2,34.6,,3/13/20,0.294797688
697,orange,-20,115-2000 A,TATA,11.4,36.1,,3/13/20,0.315789474
171,orange,-20,115-2000 A,TATA,10.8,33.5,,3/13/20,0.32238806
320,yellow,-30,115-2000 A,TATA,10.7,31,,3/13/20,0.34516129
688,orange,-20,115-2000 A,TATA,9,24.4,,3/13/20,0.368852459
317,yellow,-30,115-2000 A,TATA,10.8,27.8,,3/13/20,0.388489209
786,blue,-80,115-2000 A,TATA,13.2,27.9,,3/13/20,0.47311828
305,yellow,-30,115-2000 A,TATA,10.9,22.8,,3/13/20,0.478070175
738,green,-40,115-2000 A,TATA,20.3,38.9,,3/13/20,0.5218509
737,green,-60,115-2000 A,TATA,15.5,29.4,,3/13/20,0.527210884
780,blue,-80,115-2000 A,TATA,16.1,30.5,,3/13/20,0.527868852
756,green,-40,115-2000 A,TATA,16.8,30.6,,3/13/20,0.549019608
788,blue,-80,115-2000 A,TATA,20.1,35,,3/13/20,0.574285714
759,green,-60,115-2000 A,TATA,16.8,26.9,,3/13/20,0.624535316
758,green,-40,115-2000 A,TATA,16.6,25.6,,3/13/20,0.6484375
28,red,4,122-2003 B,DAVI,9.3,78.3,,3/13/20,0.118773946
69,red,4,122-2003 B,DAVI,7,58.3,,3/13/20,0.120068611
54,red,4,122-2003 B,DAVI,12.3,83.2,,3/13/20,0.147836538
18,red,-10,122-2003 B,DAVI,15.9,73.8,,3/13/20,0.215447154
65,red,-10,122-2003 B,DAVI,14.8,65,,3/13/20,0.227692308
43,red,-10,122-2003 B,DAVI,17.8,56.2,,3/13/20,0.316725979
195,orange,-20,122-2003 B,DAVI,40,60.8,,3/13/20,0.657894737
208,orange,-20,122-2003 B,DAVI,47.5,71.3,,3/13/20,0.666199158
138,orange,-20,122-2003 B,DAVI,48.3,67.1,,3/13/20,0.719821162
500,green,-40,122-2003 B,DAVI,57.1,75.6,,3/13/20,0.755291005
568,blue,-60,122-2003 B,DAVI,38.9,51.5,,3/13/20,0.755339806
469,green,-40,122-2003 B,DAVI,56.5,73.5,,3/13/20,0.768707483
311,yellow,-30,122-2003 B,DAVI,62.2,80.6,,3/13/20,0.771712159
357,yellow,-30,122-2003 B,DAVI,57.3,73.8,,3/13/20,0.776422764
412,green,-40,122-2003 B,DAVI,70.5,89.9,,3/13/20,0.784204672
322,yellow,-30,122-2003 B,DAVI,50.8,60.1,,3/13/20,0.845257903
593,blue,-60,122-2003 B,DAVI,75.1,68.1,,3/13/20,1.102790015
544,blue,-80,122-2003 B,DAVI,85.8,58.5,,3/13/20,1.466666667
678,red,4,124-2005 C,SPIC,8.3,141.2,,3/13/20,0.05878187
672,red,4,124-2005 C,SPIC,21.7,141.7,,3/13/20,0.153140438
19,red,4,124-2005 C,SPIC,37.4,142.3,,3/13/20,0.262825018
690,orange,-20,124-2005 C,SPIC,13.9,52,,3/13/20,0.267307692
711,orange,-10,124-2005 C,SPIC,50.3,136.4,,3/13/20,0.368768328
731,orange,-10,124-2005 C,SPIC,57.7,148.4,,3/13/20,0.388814016
696,orange,-10,124-2005 C,SPIC,65.1,156.2,,3/13/20,0.416773367
725,orange,-20,124-2005 C,SPIC,82.5,177,,3/13/20,0.466101695
345,yellow,-30,124-2005 C,SPIC,92.5,185.9,,3/13/20,0.497579344
723,orange,-20,124-2005 C,SPIC,81.3,143.7,,3/13/20,0.565762004
388,green,-40,124-2005 C,SPIC,92.9,158,,3/13/20,0.587974684
438,green,-60,124-2005 C,SPIC,87.9,141.8,,3/13/20,0.619887165
775,blue,-80,124-2005 C,SPIC,72,114.8,,3/13/20,0.6271777
391,green,-40,124-2005 C,SPIC,95.4,149,,3/13/20,0.640268456
398,green,-40,124-2005 C,SPIC,107.5,161.8,,3/13/20,0.664400494
782,blue,-80,124-2005 C,SPIC,109.5,162.4,,3/13/20,0.674261084
319,yellow,-30,124-2005 C,SPIC,104.2,153.3,,3/13/20,0.679712981
396,green,-60,124-2005 C,SPIC,104.4,151.4,,3/13/20,0.689564069
323,yellow,-30,124-2005 C,SPIC,100.8,50.2,,3/13/20,2.007968127
82,red,4,126-2003 B,DAVI,5.8,68.1,,3/13/20,0.085168869
95,red,4,126-2003 B,DAVI,5.8,56.5,,3/13/20,0.102654867
11,red,4,126-2003 B,DAVI,9.9,75.4,,3/13/20,0.131299735
68,red,-10,126-2003 B,DAVI,16.7,96.2,,3/13/20,0.173596674
101,red,-10,126-2003 B,DAVI,15.1,80.9,,3/13/20,0.186650185
83,red,-10,126-2003 B,DAVI,11.3,60.1,,3/13/20,0.188019967
199,orange,-20,126-2003 B,DAVI,27.8,64.5,,3/13/20,0.431007752
165,orange,-20,126-2003 B,DAVI,41.8,92.9,,3/13/20,0.449946179
197,orange,-20,126-2003 B,DAVI,43.1,84.7,,3/13/20,0.508854782
326,yellow,-30,126-2003 B,DAVI,37.7,67.5,,3/13/20,0.558518519
261,yellow,-30,126-2003 B,DAVI,59.7,102.1,,3/13/20,0.584720862
501,green,-40,126-2003 B,DAVI,50.3,84.2,,3/13/20,0.597387173
264,yellow,-30,126-2003 B,DAVI,44.5,71.6,,3/13/20,0.62150838
595,blue,-60,126-2003 B,DAVI,41.9,61.7,,3/13/20,0.679092382
490,green,-40,126-2003 B,DAVI,48.8,69.3,,3/13/20,0.704184704
479,green,-40,126-2003 B,DAVI,52.7,71.7,,3/13/20,0.735006974
624,blue,-80,126-2003 B,DAVI,73.1,96.2,,3/13/20,0.75987526
631,blue,-60,126-2003 B,DAVI,47.8,61.6,,3/13/20,0.775974026
621,blue,-80,126-2003 B,DAVI,93.9,119.6,,3/13/20,0.785117057
514,blue,-60,126-2003 B,DAVI,49,61.9,,3/13/20,0.791599354
14,red,4,1400-77 E,TEGM,11.4,106.9,,3/13/20,0.106641721
64,red,4,1400-77 E,TEGM,16.2,106.9,,3/13/20,0.151543499
122,red,4,1400-77 E,TEGM,15.8,99.1,,3/13/20,0.159434914
222,orange,-10,1400-77 E,TEGM,31.9,145.5,,3/13/20,0.219243986
244,orange,-10,1400-77 E,TEGM,32.1,141.1,,3/13/20,0.227498228
692,orange,-10,1400-77 E,TEGM,43.7,150.6,,3/13/20,0.290172643
188,orange,-20,1400-77 E,TEGM,73.5,168.7,,3/13/20,0.435684647
158,orange,-20,1400-77 E,TEGM,46.8,87.5,,3/13/20,0.534857143
727,orange,-20,1400-77 E,TEGM,54,100,,3/13/20,0.54
379,yellow,-30,1400-77 E,TEGM,61,108.5,,3/13/20,0.562211982
308,yellow,-30,1400-77 E,TEGM,61.2,105,,3/13/20,0.582857143
351,yellow,-30,1400-77 E,TEGM,68.8,115.8,,3/13/20,0.594127807
763,green,-60,1400-77 E,TEGM,90.8,144.6,,3/13/20,0.627939142
750,green,-40,1400-77 E,TEGM,75.6,119.7,,3/13/20,0.631578947
789,blue,-80,1400-77 E,TEGM,79.2,125,,3/13/20,0.6336
751,green,-40,1400-77 E,TEGM,94,146,,3/13/20,0.643835616
748,green,-60,1400-77 E,TEGM,103,155.9,,3/13/20,0.660679923
745,green,-60,1400-77 E,TEGM,97.5,145.7,,3/13/20,0.669183253
785,blue,-80,1400-77 E,TEGM,77.9,114.4,,3/13/20,0.680944056
760,green,-40,1400-77 E,TEGM,78.1,111.3,,3/13/20,0.701707098
777,blue,-80,1400-77 E,TEGM,97.3,127.5,,3/13/20,0.763137255
38,red,4,172-2001 B,CAMP,11.1,47.8,,3/13/20,0.232217573
88,red,-10,172-2001 B,CAMP,12.3,48.6,,3/13/20,0.25308642
3,red,-10,172-2001 B,CAMP,14.3,49.1,,3/13/20,0.291242363
60,red,-10,172-2001 B,CAMP,16.7,53.4,,3/13/20,0.312734082
20,red,4,172-2001 B,CAMP,14.1,44.7,,3/13/20,0.315436242
16,red,4,172-2001 B,CAMP,14,37.2,,3/13/20,0.376344086
130,orange,-20,172-2001 B,CAMP,24.9,55.4,,3/13/20,0.449458484
179,orange,-20,172-2001 B,CAMP,24.9,52.1,,3/13/20,0.477927063
149,orange,-20,172-2001 B,CAMP,25.3,48.8,,3/13/20,0.518442623
567,blue,-80,172-2001 B,CAMP,25.9,45.3,,3/13/20,0.571743929
573,blue,-80,172-2001 B,CAMP,35.1,60.3,,3/13/20,0.582089552
471,green,-40,172-2001 B,CAMP,46.6,79.1,,3/13/20,0.589127686
349,yellow,-30,172-2001 B,CAMP,25.8,40.1,,3/13/20,0.643391521
303,yellow,-30,172-2001 B,CAMP,43.5,67.6,,3/13/20,0.643491124
316,yellow,-30,172-2001 B,CAMP,44.6,66.7,,3/13/20,0.668665667
505,green,-40,172-2001 B,CAMP,49.5,71.2,,3/13/20,0.695224719
630,blue,-80,172-2001 B,CAMP,40,56.7,,3/13/20,0.705467372
481,green,-40,172-2001 B,CAMP,35.4,45.1,,3/13/20,0.784922395
564,blue,-60,172-2001 B,CAMP,38.7,46.4,,3/13/20,0.834051724
572,blue,-60,172-2001 B,CAMP,41.8,50.1,,3/13/20,0.834331337
546,blue,-60,172-2001 B,CAMP,60.2,55.5,,3/13/20,1.084684685
666,red,4,19634 A,PSEP,19.4,172.3,,3/13/20,0.112594312
686,red,4,19634 A,PSEP,15.6,126.4,,3/13/20,0.123417722
655,red,4,19634 A,PSEP,9,71.5,,3/13/20,0.125874126
251,orange,-10,19634 A,PSEP,32.5,235,,3/13/20,0.138297872
145,orange,-10,19634 A,PSEP,17.3,106.9,,3/13/20,0.161833489
205,orange,-10,19634 A,PSEP,25.4,136.6,,3/13/20,0.185944363
250,orange,-20,19634 A,PSEP,55.3,177.4,,3/13/20,0.311724915
219,orange,-20,19634 A,PSEP,38.8,123.3,,3/13/20,0.314679643
210,orange,-20,19634 A,PSEP,36.5,100.6,,3/13/20,0.362823062
284,yellow,-30,19634 A,PSEP,95.3,204.8,,3/13/20,0.465332031
292,yellow,-30,19634 A,PSEP,114.9,225.4,,3/13/20,0.509760426
406,green,-40,19634 A,PSEP,72.6,141.6,,3/13/20,0.512711864
434,green,-40,19634 A,PSEP,56.4,109.5,,3/13/20,0.515068493
499,green,-60,19634 A,PSEP,66.5,119.4,,3/13/20,0.556951424
410,green,-40,19634 A,PSEP,67.2,115.1,,3/13/20,0.583840139
429,green,-60,19634 A,PSEP,124.6,192.7,,3/13/20,0.646600934
272,yellow,-30,19634 A,PSEP,69,103.9,,3/13/20,0.664100096
562,blue,-80,19634 A,PSEP,81.9,122.3,,3/13/20,0.669664759
400,green,-60,19634 A,PSEP,92.9,134.3,,3/13/20,0.691734922
808,blue,-80,19634 A,PSEP,66.5,95.3,,3/13/20,0.697796432
662,red,4,207-2005 A,RUBR,6.8,49.9,,3/13/20,0.136272545
143,orange,-10,207-2005 A,RUBR,4,28.8,,3/13/20,0.138888889
680,red,4,207-2005 A,RUBR,9.9,47.3,,3/13/20,0.209302326
646,red,4,207-2005 A,RUBR,7.6,29,,3/13/20,0.262068966
174,orange,-10,207-2005 A,RUBR,11.5,40.6,,3/13/20,0.283251232
362,yellow,-30,207-2005 A,RUBR,14.3,49.2,,3/13/20,0.290650407
148,orange,-10,207-2005 A,RUBR,18,50,,3/13/20,0.36
200,orange,-20,207-2005 A,RUBR,16.9,37.7,,3/13/20,0.448275862
463,green,-40,207-2005 A,RUBR,17.5,39,,3/13/20,0.448717949
792,blue,-80,207-2005 A,RUBR,15.2,33.4,,3/13/20,0.45508982
807,blue,-80,207-2005 A,RUBR,27.6,60.1,,3/13/20,0.459234609
468,green,-60,207-2005 A,RUBR,25.6,55.3,,3/13/20,0.462929476
331,yellow,-30,207-2005 A,RUBR,19.7,40.8,,3/13/20,0.482843137
484,green,-60,207-2005 A,RUBR,25.9,52.7,,3/13/20,0.491461101
496,green,-40,207-2005 A,RUBR,23.1,46.8,,3/13/20,0.493589744
456,green,-60,207-2005 A,RUBR,21.9,42.9,,3/13/20,0.51048951
393,yellow,-30,207-2005 A,RUBR,25,47.1,,3/13/20,0.530785563
803,blue,-80,207-2005 A,RUBR,20.1,36,,3/13/20,0.558333333
225,orange,-10,22858 B,PSEP,13.7,140.3,,3/13/20,0.097647897
649,red,4,22858 B,PSEP,32.8,255.4,,3/13/20,0.128425998
660,red,4,22858 B,PSEP,28.8,213.7,,3/13/20,0.134768367
215,orange,-10,22858 B,PSEP,43.2,240.3,,3/13/20,0.179775281
211,orange,-10,22858 B,PSEP,45.1,235.5,,3/13/20,0.191507431
642,red,4,22858 B,PSEP,43.7,226.7,,3/13/20,0.19276577
132,orange,-20,22858 B,PSEP,123.1,275.5,,3/13/20,0.446823956
256,orange,-20,22858 B,PSEP,113.7,234.6,,3/13/20,0.484654731
201,orange,-20,22858 B,PSEP,160.7,306.2,,3/13/20,0.524820379
288,yellow,-30,22858 B,PSEP,129,239.3,,3/13/20,0.539072294
299,yellow,-30,22858 B,PSEP,155,242.8,,3/13/20,0.638385502
431,green,-40,22858 B,PSEP,166,259.7,,3/13/20,0.639199076
296,yellow,-30,22858 B,PSEP,186.7,289.7,,3/13/20,0.644459786
466,green,-60,22858 B,PSEP,144.4,223,,3/13/20,0.647533632
435,green,-40,22858 B,PSEP,166.8,249.4,,3/13/20,0.668805132
424,green,-60,22858 B,PSEP,211.3,301.7,,3/13/20,0.700364601
475,green,-40,22858 B,PSEP,187.1,261.3,,3/13/20,0.716035209
542,blue,-80,22858 B,PSEP,162.3,224.1,,3/13/20,0.724230254
801,blue,-80,22858 B,PSEP,185.5,236.1,,3/13/20,0.785684032
703,orange,-10,246-2010 A,SACC,5.7,54.1,,3/13/20,0.105360444
102,red,4,246-2010 A,SACC,10.9,65.9,,3/13/20,0.165402124
79,red,4,246-2010 A,SACC,15.5,89.6,,3/13/20,0.172991071
119,red,4,246-2010 A,SACC,16.7,82.7,,3/13/20,0.201934704
716,orange,-10,246-2010 A,SACC,19.8,75.4,,3/13/20,0.262599469
709,orange,-20,246-2010 A,SACC,29.3,105.5,,3/13/20,0.277725118
712,orange,-10,246-2010 A,SACC,26.9,89.7,,3/13/20,0.299888517
729,orange,-20,246-2010 A,SACC,27.2,87.5,,3/13/20,0.310857143
356,yellow,-30,246-2010 A,SACC,19,57.3,,3/13/20,0.331588133
701,orange,-20,246-2010 A,SACC,37.9,103.9,,3/13/20,0.364773821
401,green,-60,246-2010 A,SACC,40.1,76.8,,3/13/20,0.522135417
389,green,-40,246-2010 A,SACC,57.7,104.7,,3/13/20,0.551098376
340,yellow,-30,246-2010 A,SACC,55,99.2,,3/13/20,0.554435484
318,yellow,-30,246-2010 A,SACC,57.2,101.9,,3/13/20,0.561334642
778,blue,-80,246-2010 A,SACC,47.4,81.9,,3/13/20,0.578754579
393,green,-40,246-2010 A,SACC,37.4,60.6,,3/13/20,0.617161716
814,blue,-80,246-2010 A,SACC,66.1,104,,3/13/20,0.635576923
385,green,-60,246-2010 A,SACC,58.3,86.9,,3/13/20,0.670886076
395,green,-40,246-2010 A,SACC,57,83.9,,3/13/20,0.679380215
446,green,-60,246-2010 A,SACC,70.8,101,,3/13/20,0.700990099
809,blue,-80,246-2010 A,SACC,70.2,93.8,,3/13/20,0.748400853
126,red,4,270-2010 A,SPIC,3.1,44.9,,3/13/20,0.069042316
647,red,4,270-2010 A,SPIC,3.1,39.5,,3/13/20,0.078481013
728,orange,-10,270-2010 A,SPIC,6.3,43.3,,3/13/20,0.145496536
196,orange,-10,270-2010 A,SPIC,9.6,54.7,,3/13/20,0.175502742
2,red,4,270-2010 A,SPIC,7.6,36.2,,3/13/20,0.209944751
162,orange,-10,270-2010 A,SPIC,10.9,45.3,,3/13/20,0.240618102
699,orange,-20,270-2010 A,SPIC,16.5,60.6,,3/13/20,0.272277228
310,yellow,-30,270-2010 A,SPIC,15.8,54.2,,3/13/20,0.291512915
714,orange,-20,270-2010 A,SPIC,20.1,54.7,,3/13/20,0.367458867
432,green,-40,270-2010 A,SPIC,19.5,46.1,,3/13/20,0.422993492
764,green,-60,270-2010 A,SPIC,24.1,52.3,,3/13/20,0.460803059
732,green,-40,270-2010 A,SPIC,23.1,50,,3/13/20,0.462
372,yellow,-30,270-2010 A,SPIC,24.5,50.6,,3/13/20,0.484189723
771,green,-60,270-2010 A,SPIC,26.3,54.3,,3/13/20,0.484346225
313,yellow,-30,270-2010 A,SPIC,29.1,54.6,,3/13/20,0.532967033
783,blue,-80,270-2010 A,SPIC,28,50.7,,3/13/20,0.552268245
753,green,-40,270-2010 A,SPIC,27.4,47.5,,3/13/20,0.576842105
805,blue,-80,270-2010 A,SPIC,27,44.8,,3/13/20,0.602678571
776,blue,-80,270-2010 A,SPIC,36.6,58.9,,3/13/20,0.62139219
744,green,-60,270-2010 A,SPIC,30.7,46.8,,3/13/20,0.655982906
67,red,4,31-73 A,HYRC,3.9,26.1,,3/13/20,0.149425287
44,red,4,31-73 A,HYRC,7.2,41.2,,3/13/20,0.174757282
13,red,4,31-73 A,HYRC,12.6,58.3,,3/13/20,0.216123499
112,red,-10,31-73 A,HYRC,12.6,42.3,,3/13/20,0.29787234
25,red,-10,31-73 A,HYRC,16.2,51.6,,3/13/20,0.313953488
247,orange,-20,31-73 A,HYRC,19.6,62.2,,3/13/20,0.31511254
241,orange,-20,31-73 A,HYRC,10.6,28.3,,3/13/20,0.374558304
123,red,-10,31-73 A,HYRC,19.2,49.6,,3/13/20,0.387096774
224,orange,-20,31-73 A,HYRC,34.3,81.3,,3/13/20,0.421894219
347,yellow,-30,31-73 A,HYRC,27.7,48.2,,3/13/20,0.574688797
604,blue,-60,31-73 A,HYRC,26.2,44.8,,3/13/20,0.584821429
374,yellow,-30,31-73 A,HYRC,20.6,30.8,,3/13/20,0.668831169
504,green,-40,31-73 A,HYRC,36.5,54,,3/13/20,0.675925926
307,yellow,-30,31-73 A,HYRC,35,49,,3/13/20,0.714285714
474,green,-40,31-73 A,HYRC,24.5,33.6,,3/13/20,0.729166667
502,green,-40,31-73 A,HYRC,44.8,58.6,,3/13/20,0.764505119
515,blue,-60,31-73 A,HYRC,41.6,48,,3/13/20,0.866666667
528,blue,-80,31-73 A,HYRC,56.4,49.6,,3/13/20,1.137096774
53,red,4,31-73 B,HYRC,5.4,26.1,,3/13/20,0.206896552
63,red,4,31-73 B,HYRC,9.3,33.7,,3/13/20,0.275964392
21,red,4,31-73 B,HYRC,9.8,34.5,,3/13/20,0.284057971
116,red,-10,31-73 B,HYRC,14.6,44.7,,3/13/20,0.326621924
73,red,-10,31-73 B,HYRC,13.9,36.6,,3/13/20,0.379781421
94,red,-10,31-73 B,HYRC,15.4,37.6,,3/13/20,0.409574468
226,orange,-20,31-73 B,HYRC,26.6,50.6,,3/13/20,0.5256917
249,orange,-20,31-73 B,HYRC,25.4,47.8,,3/13/20,0.531380753
216,orange,-20,31-73 B,HYRC,24.3,41.1,,3/13/20,0.591240876
427,green,-40,31-73 B,HYRC,26.3,42,,3/13/20,0.626190476
279,yellow,-30,31-73 B,HYRC,31.4,49.4,,3/13/20,0.63562753
448,green,-40,31-73 B,HYRC,44.8,64.2,,3/13/20,0.697819315
585,blue,-80,31-73 B,HYRC,36.4,51.5,,3/13/20,0.706796117
324,yellow,-30,31-73 B,HYRC,30.4,42.9,,3/13/20,0.708624709
439,green,-40,31-73 B,HYRC,27.4,36.9,,3/13/20,0.742547425
626,blue,-60,31-73 B,HYRC,29.1,38.9,,3/13/20,0.748071979
290,yellow,-30,31-73 B,HYRC,40.6,46.9,,3/13/20,0.865671642
609,blue,-80,31-73 B,HYRC,35.2,33.5,,3/13/20,1.050746269
683,red,-10,31-73 C,HYRC,9.5,52.4,,3/13/20,0.18129771
677,red,4,31-73 C,HYRC,4.4,23.1,,3/13/20,0.19047619
676,red,4,31-73 C,HYRC,9.2,43.9,,3/13/20,0.209567198
685,red,4,31-73 C,HYRC,13.8,49.3,,3/13/20,0.279918864
684,red,-10,31-73 C,HYRC,18.5,57.9,,3/13/20,0.319516408
656,red,-10,31-73 C,HYRC,16.8,52.3,,3/13/20,0.321223709
160,orange,-20,31-73 C,HYRC,14.1,38.5,,3/13/20,0.366233766
234,orange,-20,31-73 C,HYRC,17,39.7,,3/13/20,0.428211587
246,orange,-20,31-73 C,HYRC,27,60.5,,3/13/20,0.446280992
295,yellow,-30,31-73 C,HYRC,24.7,50.4,,3/13/20,0.490079365
271,yellow,-30,31-73 C,HYRC,32,61.7,,3/13/20,0.518638574
473,green,-40,31-73 C,HYRC,20.3,37.7,,3/13/20,0.538461538
413,green,-40,31-73 C,HYRC,44.1,77,,3/13/20,0.572727273
275,yellow,-30,31-73 C,HYRC,25.3,43.6,,3/13/20,0.580275229
623,blue,-60,31-73 C,HYRC,26.1,42.4,,3/13/20,0.615566038
498,green,-40,31-73 C,HYRC,34.7,56.3,,3/13/20,0.61634103
605,blue,-80,31-73 C,HYRC,34.8,50,,3/13/20,0.696
563,blue,-60,31-73 C,HYRC,38.1,51.3,,3/13/20,0.742690058
614,blue,-80,31-73 C,HYRC,29.6,26.9,,3/13/20,1.100371747
56,red,4,33-95 B,TEGM,19.8,94,,3/13/20,0.210638298
118,red,4,33-95 B,TEGM,14,61.3,,3/13/20,0.228384992
7,red,4,33-95 B,TEGM,19.4,66.9,,3/13/20,0.289985052
134,orange,-10,33-95 B,TEGM,25.5,69.4,,3/13/20,0.367435159
186,orange,-10,33-95 B,TEGM,24.5,66.6,,3/13/20,0.367867868
325,yellow,-30,33-95 B,TEGM,67.3,165.3,,3/13/20,0.407138536
129,orange,-10,33-95 B,TEGM,43.9,91.9,,3/13/20,0.477693145
181,orange,-20,33-95 B,TEGM,30.5,60.9,,3/13/20,0.500821018
695,orange,-20,33-95 B,TEGM,48,87.8,,3/13/20,0.546697039
747,green,-40,33-95 B,TEGM,40.1,71.7,,3/13/20,0.559274756
735,green,-60,33-95 B,TEGM,64.8,107.9,,3/13/20,0.60055607
772,green,-60,33-95 B,TEGM,54.8,89.8,,3/13/20,0.610244989
734,green,-40,33-95 B,TEGM,56.9,92.4,,3/13/20,0.615800866
384,yellow,-30,33-95 B,TEGM,66.1,101,,3/13/20,0.654455446
793,blue,-80,33-95 B,TEGM,80.9,122.5,,3/13/20,0.660408163
334,yellow,-30,33-95 B,TEGM,66.9,98.2,,3/13/20,0.681262729
761,green,-60,33-95 B,TEGM,57.2,83.9,,3/13/20,0.681764005
781,blue,-80,33-95 B,TEGM,62.7,82.4,,3/13/20,0.76092233
757,green,-40,33-95 B,TEGM,58.3,72.8,,3/13/20,0.800824176
48,red,4,379-2007 A,CAMP,8.2,34.9,,3/13/20,0.23495702
77,red,4,379-2007 A,CAMP,9.2,34.4,,3/13/20,0.26744186
52,red,4,379-2007 A,CAMP,9.5,35.3,,3/13/20,0.269121813
106,red,-10,379-2007 A,CAMP,15.4,49.3,,3/13/20,0.312373225
121,red,-10,379-2007 A,CAMP,14.9,39.9,,3/13/20,0.373433584
120,red,-10,379-2007 A,CAMP,14.2,37,,3/13/20,0.383783784
229,orange,-20,379-2007 A,CAMP,20,49,,3/13/20,0.408163265
373,yellow,-30,379-2007 A,CAMP,27.7,56.4,,3/13/20,0.491134752
177,orange,-20,379-2007 A,CAMP,27.1,54.5,,3/13/20,0.497247706
173,orange,-20,379-2007 A,CAMP,21.6,41.8,,3/13/20,0.516746411
454,green,-40,379-2007 A,CAMP,37.6,64.8,,3/13/20,0.580246914
282,yellow,-30,379-2007 A,CAMP,22.6,37.3,,3/13/20,0.605898123
629,blue,-80,379-2007 A,CAMP,29.3,43.9,,3/13/20,0.667425968
633,blue,-80,379-2007 A,CAMP,32.7,48.9,,3/13/20,0.668711656
425,green,-40,379-2007 A,CAMP,23.4,34.7,,3/13/20,0.674351585
422,green,-40,379-2007 A,CAMP,25.3,36.7,,3/13/20,0.689373297
574,blue,-80,379-2007 A,CAMP,44.3,60.7,,3/13/20,0.729818781
369,yellow,-30,379-2007 A,CAMP,27.9,37.6,,3/13/20,0.742021277
606,blue,-60,379-2007 A,CAMP,36.2,40.2,,3/13/20,0.900497512
29,red,4,435-84 A,CAUD,5.5,47.5,,3/13/20,0.115789474
117,red,4,435-84 A,CAUD,7,52.3,,3/13/20,0.133843212
45,red,4,435-84 A,CAUD,9.6,61.5,,3/13/20,0.156097561
87,red,-10,435-84 A,CAUD,21.8,56.5,,3/13/20,0.385840708
104,red,-10,435-84 A,CAUD,20.3,47.6,,3/13/20,0.426470588
80,red,-10,435-84 A,CAUD,23.1,47.5,,3/13/20,0.486315789
566,blue,-60,435-84 A,CAUD,28.3,39.1,,3/13/20,0.723785166
182,orange,-20,435-84 A,CAUD,35.9,48,,3/13/20,0.747916667
467,green,-40,435-84 A,CAUD,57.7,72.4,,3/13/20,0.796961326
176,orange,-20,435-84 A,CAUD,36.5,45.2,,3/13/20,0.807522124
152,orange,-20,435-84 A,CAUD,47.3,58.2,,3/13/20,0.812714777
348,yellow,-30,435-84 A,CAUD,53.5,61.5,,3/13/20,0.869918699
355,yellow,-30,435-84 A,CAUD,50.3,57.2,,3/13/20,0.879370629
486,green,-40,435-84 A,CAUD,43.1,48.9,,3/13/20,0.881390593
277,yellow,-30,435-84 A,CAUD,66.4,72.2,,3/13/20,0.91966759
482,green,-40,435-84 A,CAUD,56,59.1,,3/13/20,0.947546531
33,red,4,435-84 B,CAUD,20,96.9,,3/13/20,0.206398349
8,red,4,435-84 B,CAUD,19.3,78.9,,3/13/20,0.244613435
57,red,4,435-84 B,CAUD,17.6,70.3,,3/13/20,0.250355619
96,red,-10,435-84 B,CAUD,22.9,88,,3/13/20,0.260227273
18,red,-10,435-84 B,CAUD,27.6,75.5,,3/13/20,0.365562914
91,red,-10,435-84 B,CAUD,31.5,78.1,,3/13/20,0.403329065
592,blue,-60,435-84 B,CAUD,68.2,114.7,,3/13/20,0.594594595
638,blue,-60,435-84 B,CAUD,69.2,106.9,,3/13/20,0.647333957
202,orange,-20,435-84 B,CAUD,86.9,131.5,,3/13/20,0.660836502
239,orange,-20,435-84 B,CAUD,66.1,98,,3/13/20,0.674489796
453,green,-40,435-84 B,CAUD,85.3,126.2,,3/13/20,0.675911252
589,blue,-80,435-84 B,CAUD,74.4,105.4,,3/13/20,0.705882353
168,orange,-20,435-84 B,CAUD,71.7,99.9,,3/13/20,0.717717718
509,green,-40,435-84 B,CAUD,76.3,102.4,,3/13/20,0.745117188
366,yellow,-30,435-84 B,CAUD,95.5,126.9,,3/13/20,0.752561072
409,green,-40,435-84 B,CAUD,61,79.8,,3/13/20,0.764411028
276,yellow,-30,435-84 B,CAUD,73.2,95.5,,3/13/20,0.766492147
314,yellow,-30,435-84 B,CAUD,82.9,107.6,,3/13/20,0.770446097
591,blue,-80,435-84 B,CAUD,72.8,94.3,,3/13/20,0.772004242
622,blue,-60,435-84 B,CAUD,75.1,94.7,,3/13/20,0.793030623
40,red,4,435-84 C,CAUD,9.2,73,,3/13/20,0.126027397
74,red,4,435-84 C,CAUD,9.8,75.7,,3/13/20,0.129458388
59,red,4,435-84 C,CAUD,11,69.9,,3/13/20,0.157367668
42,red,-10,435-84 C,CAUD,20.4,60,,3/13/20,0.34
85,red,-10,435-84 C,CAUD,30.9,72.1,,3/13/20,0.428571429
97,red,-10,435-84 C,CAUD,41.3,92.2,,3/13/20,0.447939262
535,blue,-60,435-84 C,CAUD,51.6,113.5,,3/13/20,0.454625551
539,blue,-60,435-84 C,CAUD,40.9,68,,3/13/20,0.601470588
556,blue,-60,435-84 C,CAUD,33.9,50.1,,3/13/20,0.676646707
203,orange,-20,435-84 C,CAUD,58.2,85.2,,3/13/20,0.683098592
531,blue,-80,435-84 C,CAUD,72.8,105.8,,3/13/20,0.688090737
213,orange,-20,435-84 C,CAUD,55.2,75.9,,3/13/20,0.727272727
404,green,-40,435-84 C,CAUD,80.8,107.9,,3/13/20,0.74884152
476,green,-40,435-84 C,CAUD,43,56.3,,3/13/20,0.763765542
169,orange,-20,435-84 C,CAUD,44.3,56.8,,3/13/20,0.779929577
262,yellow,-30,435-84 C,CAUD,49.2,62.5,,3/13/20,0.7872
441,green,-40,435-84 C,CAUD,51.8,62.9,,3/13/20,0.823529412
304,yellow,-30,435-84 C,CAUD,53.5,64.2,,3/13/20,0.833333333
285,yellow,-30,435-84 C,CAUD,72,81,,3/13/20,0.888888889
682,red,4,524-2009 A,RUBR,5.5,62.2,,3/13/20,0.088424437
671,red,4,524-2009 A,RUBR,11.5,81.9,,3/13/20,0.14041514
648,red,4,524-2009 A,RUBR,15.4,65.1,,3/13/20,0.23655914
156,orange,-10,524-2009 A,RUBR,20.1,66.8,,3/13/20,0.300898204
141,orange,-10,524-2009 A,RUBR,15.9,49,,3/13/20,0.324489796
159,orange,-10,524-2009 A,RUBR,32.4,97.4,,3/13/20,0.332648871
289,yellow,-30,524-2009 A,RUBR,42.5,97.6,,3/13/20,0.43545082
460,green,-60,524-2009 A,RUBR,40.1,81.8,,3/13/20,0.490220049
402,green,-60,524-2009 A,RUBR,37.7,76.8,,3/13/20,0.490885417
421,green,-60,524-2009 A,RUBR,70.4,137.3,,3/13/20,0.512745812
419,green,-40,524-2009 A,RUBR,48.4,92.8,,3/13/20,0.521551724
491,green,-40,524-2009 A,RUBR,29.8,55.8,,3/13/20,0.534050179
297,yellow,-30,524-2009 A,RUBR,24.7,45,,3/13/20,0.548888889
278,yellow,-30,524-2009 A,RUBR,59.6,107.9,,3/13/20,0.552363299
811,blue,-80,524-2009 A,RUBR,62.3,109.2,,3/13/20,0.570512821
163,orange,-20,524-2009 A,RUBR,33.4,55.8,,3/13/20,0.598566308
230,orange,-20,524-2009 A,RUBR,39.8,64.4,,3/13/20,0.618012422
596,blue,-80,524-2009 A,RUBR,39.1,59.6,,3/13/20,0.656040268
442,green,-40,524-2009 A,RUBR,62.3,94.2,,3/13/20,0.661358811
722,orange,-10,530-2008 A,SACC,7.6,69.9,,3/13/20,0.108726753
644,red,4,530-2008 A,SACC,6.9,63.1,,3/13/20,0.109350238
708,orange,-10,530-2008 A,SACC,7.3,54.1,,3/13/20,0.134935305
681,red,4,530-2008 A,SACC,7.9,58.4,,3/13/20,0.135273973
643,red,4,530-2008 A,SACC,6.8,48.7,,3/13/20,0.13963039
724,orange,-20,530-2008 A,SACC,13.4,67.7,,3/13/20,0.197932053
721,orange,-10,530-2008 A,SACC,14.7,73.9,,3/13/20,0.198917456
717,orange,-20,530-2008 A,SACC,8.3,36.5,,3/13/20,0.22739726
399,green,-60,530-2008 A,SACC,23.8,91.3,,3/13/20,0.26067908
459,green,-40,530-2008 A,SACC,35.4,117.3,,3/13/20,0.301790281
790,blue,-80,530-2008 A,SACC,19.2,62.3,,3/13/20,0.308186196
312,yellow,-30,530-2008 A,SACC,23.4,73.7,,3/13/20,0.317503392
497,green,-60,530-2008 A,SACC,10.9,32.6,,3/13/20,0.334355828
488,green,-60,530-2008 A,SACC,29.6,82.7,,3/13/20,0.357920193
329,yellow,-30,530-2008 A,SACC,15.8,41.4,,3/13/20,0.381642512
411,green,-40,530-2008 A,SACC,22.2,52.3,,3/13/20,0.424474187
795,blue,-80,530-2008 A,SACC,39.5,79.7,,3/13/20,0.495608532
779,blue,-80,530-2008 A,SACC,17.4,34.6,,3/13/20,0.502890173
390,green,-40,530-2008 A,SACC,22.3,44.1,,3/13/20,0.505668934
127,red,4,531-94 A,TEGM,5.4,66.1,,3/13/20,0.081694402
61,red,4,531-94 A,TEGM,7.5,62.5,,3/13/20,0.12
817,red,4,531-94 A,TEGM,13.3,69.9,,3/13/20,0.190271817
255,orange,-10,531-94 A,TEGM,12,56.3,,3/13/20,0.213143872
214,orange,-10,531-94 A,TEGM,16.9,79.2,,3/13/20,0.213383838
220,orange,-10,531-94 A,TEGM,15.7,64.3,,3/13/20,0.244167963
133,orange,-20,531-94 A,TEGM,31.2,81.8,,3/13/20,0.381418093
140,orange,-20,531-94 A,TEGM,24.1,61.6,,3/13/20,0.391233766
336,yellow,-30,531-94 A,TEGM,45.5,91.9,,3/13/20,0.495103373
819,blue,-80,531-94 A,TEGM,33.7,64.2,,3/13/20,0.524922118
733,green,-60,531-94 A,TEGM,33.6,62.2,,3/13/20,0.540192926
821,blue,-80,531-94 A,TEGM,47.1,86.8,,3/13/20,0.542626728
743,green,-40,531-94 A,TEGM,44.2,79.3,,3/13/20,0.557377049
773,green,-60,531-94 A,TEGM,57.8,97.3,,3/13/20,0.594039054
746,green,-40,531-94 A,TEGM,40.5,67.6,,3/13/20,0.599112426
358,yellow,-30,531-94 A,TEGM,48.9,81,,3/13/20,0.603703704
820,blue,-80,531-94 A,TEGM,54.8,88,,3/13/20,0.622727273
818,green,-60,531-94 A,TEGM,52.6,74.4,,3/13/20,0.706989247
335,yellow,-30,531-94 A,TEGM,63.3,84.8,,3/13/20,0.746462264
754,green,-40,531-94 A,TEGM,44.7,57.9,,3/13/20,0.772020725
650,red,4,567-2008 B,RUBR,3.5,32.7,,3/13/20,0.107033639
245,orange,-10,567-2008 B,RUBR,4,28.2,,3/13/20,0.141843972
651,red,4,567-2008 B,RUBR,6.4,40.8,,3/13/20,0.156862745
664,red,4,567-2008 B,RUBR,9.8,45.8,,3/13/20,0.213973799
217,orange,-10,567-2008 B,RUBR,10.3,44.4,,3/13/20,0.231981982
147,orange,-20,567-2008 B,RUBR,9,28,,3/13/20,0.321428571
286,yellow,-30,567-2008 B,RUBR,12.1,34.8,,3/13/20,0.347701149
248,orange,-10,567-2008 B,RUBR,18.7,49.7,,3/13/20,0.376257545
175,orange,-20,567-2008 B,RUBR,23.3,56.6,,3/13/20,0.411660777
281,yellow,-30,567-2008 B,RUBR,33.6,68.5,,3/13/20,0.490510949
455,green,-40,567-2008 B,RUBR,28,56.3,,3/13/20,0.497335702
796,blue,-80,567-2008 B,RUBR,35,68.5,,3/13/20,0.510948905
430,green,-60,567-2008 B,RUBR,19.8,38.5,,3/13/20,0.514285714
806,blue,-80,567-2008 B,RUBR,21.5,39.9,,3/13/20,0.538847118
447,green,-40,567-2008 B,RUBR,20.4,35.7,,3/13/20,0.571428571
315,yellow,-30,567-2008 B,RUBR,29,48.8,,3/13/20,0.594262295
477,green,-40,567-2008 B,RUBR,36.3,60.2,,3/13/20,0.602990033
423,green,-60,567-2008 B,RUBR,32.5,53.6,,3/13/20,0.606343284
802,blue,-80,567-2008 B,RUBR,37.8,59.5,,3/13/20,0.635294118
440,green,-60,567-2008 B,RUBR,42.1,58.2,,3/13/20,0.723367698
669,red,4,603-2008 A,SPIC,1.3,59.8,,3/13/20,0.02173913
687,red,4,603-2008 A,SPIC,7.6,67.1,,3/13/20,0.113263785
657,red,4,603-2008 A,SPIC,10.1,66.6,,3/13/20,0.151651652
694,orange,-10,603-2008 A,SPIC,7.2,46.3,,3/13/20,0.155507559
693,orange,-10,603-2008 A,SPIC,11,63.7,,3/13/20,0.172684458
691,orange,-10,603-2008 A,SPIC,15.3,70,,3/13/20,0.218571429
707,orange,-20,603-2008 A,SPIC,10.7,48,,3/13/20,0.222916667
704,orange,-20,603-2008 A,SPIC,20.3,66.9,,3/13/20,0.303437967
254,orange,-20,603-2008 A,SPIC,18.7,58.4,,3/13/20,0.320205479
332,yellow,-30,603-2008 A,SPIC,27.9,67.1,,3/13/20,0.415797317
483,green,-40,603-2008 A,SPIC,39.1,83.1,,3/13/20,0.470517449
338,yellow,-30,603-2008 A,SPIC,27.6,55.9,,3/13/20,0.493738819
812,blue,-80,603-2008 A,SPIC,45.8,91,,3/13/20,0.503296703
386,green,-40,603-2008 A,SPIC,34.9,66.5,,3/13/20,0.52481203
392,green,-60,603-2008 A,SPIC,30.4,55.6,,3/13/20,0.54676259
346,yellow,-30,603-2008 A,SPIC,36.3,66.2,,3/13/20,0.548338369
767,green,-60,603-2008 A,SPIC,29.7,54,,3/13/20,0.55
810,blue,-80,603-2008 A,SPIC,48.3,85.3,,3/13/20,0.566236811
397,green,-40,603-2008 A,SPIC,30.7,53.8,,3/13/20,0.57063197
755,green,-60,603-2008 A,SPIC,29.7,49.1,,3/13/20,0.604887984
794,blue,-80,603-2008 A,SPIC,43.5,60.8,,3/13/20,0.715460526
9,red,4,666-94 A,DAVI,20.8,93.7,,3/13/20,0.221985059
114,red,4,666-94 A,DAVI,18.1,69.4,,3/13/20,0.260806916
90,red,4,666-94 A,DAVI,22.4,79.4,,3/13/20,0.282115869
50,red,-10,666-94 A,DAVI,22.5,78.4,,3/13/20,0.286989796
86,red,-10,666-94 A,DAVI,26.2,90.4,,3/13/20,0.289823009
125,red,-10,666-94 A,DAVI,28.1,80.9,,3/13/20,0.347342398
223,orange,-20,666-94 A,DAVI,51.7,75.5,,3/13/20,0.684768212
218,orange,-20,666-94 A,DAVI,67.7,93.8,,3/13/20,0.721748401
330,yellow,-30,666-94 A,DAVI,65.3,89.1,,3/13/20,0.7328844
550,blue,-80,666-94 A,DAVI,57.6,78.5,,3/13/20,0.733757962
511,green,-40,666-94 A,DAVI,82,108.2,,3/13/20,0.757855823
204,orange,-20,666-94 A,DAVI,64.6,83.2,,3/13/20,0.776442308
508,green,-40,666-94 A,DAVI,71.5,91.8,,3/13/20,0.778867102
510,green,-40,666-94 A,DAVI,80,102,,3/13/20,0.784313725
298,yellow,-30,666-94 A,DAVI,74.7,93.4,,3/13/20,0.799785867
333,yellow,-30,666-94 A,DAVI,61.7,74.5,,3/13/20,0.828187919
628,blue,-60,666-94 A,DAVI,83.4,91.9,,3/13/20,0.907508161
574,blue,-60,666-94 A,DAVI,38,38.7,,3/13/20,0.981912145
558,blue,-80,666-94 A,DAVI,58.3,54.7,,3/13/20,1.065813528
31,red,-10,699-89 A,CAMP,6.2,38.3,,3/13/20,0.161879896
113,red,4,699-89 A,CAMP,8.1,46.1,,3/13/20,0.175704989
72,red,4,699-89 A,CAMP,8.1,45.5,,3/13/20,0.178021978
107,red,-10,699-89 A,CAMP,10.1,52.5,,3/13/20,0.192380952
6,red,-10,699-89 A,CAMP,9.6,46.2,,3/13/20,0.207792208
70,red,4,699-89 A,CAMP,11.1,52.4,,3/13/20,0.211832061
139,orange,-20,699-89 A,CAMP,10.4,37.3,,3/13/20,0.278820375
154,orange,-20,699-89 A,CAMP,10.7,33.6,,3/13/20,0.318452381
146,orange,-20,699-89 A,CAMP,13.7,42.1,,3/13/20,0.325415677
376,yellow,-30,699-89 A,CAMP,15.1,37.7,,3/13/20,0.400530504
360,yellow,-30,699-89 A,CAMP,25.8,54.2,,3/13/20,0.47601476
610,blue,-80,699-89 A,CAMP,27.3,55.5,,3/13/20,0.491891892
306,yellow,-30,699-89 A,CAMP,33.9,66.6,,3/13/20,0.509009009
433,green,-40,699-89 A,CAMP,35.7,69.5,,3/13/20,0.513669065
602,blue,-60,699-89 A,CAMP,26.7,48,,3/13/20,0.55625
451,green,-40,699-89 A,CAMP,28.5,50.6,,3/13/20,0.563241107
414,green,-40,699-89 A,CAMP,20.3,34.8,,3/13/20,0.583333333
553,blue,-80,699-89 A,CAMP,59.4,82.9,,3/13/20,0.716525935
601,blue,-60,699-89 A,CAMP,32.8,42.6,,3/13/20,0.769953052
584,blue,-80,699-89 A,CAMP,50.9,65.5,,3/13/20,0.777099237
581,blue,-60,699-89 A,CAMP,42.8,50.3,,3/13/20,0.850894632
661,red,4,750-55 B,PSEP,14.4,148.9,,3/13/20,0.096709201
667,red,4,750-55 B,PSEP,27.4,204,,3/13/20,0.134313725
207,orange,-10,750-55 B,PSEP,18.5,119.6,,3/13/20,0.154682274
212,orange,-10,750-55 B,PSEP,19.8,105.8,,3/13/20,0.187145558
659,red,4,750-55 B,PSEP,41.5,199.5,,3/13/20,0.20802005
164,orange,-10,750-55 B,PSEP,25.4,119.2,,3/13/20,0.213087248
273,yellow,-30,750-55 B,PSEP,61.1,155.5,,3/13/20,0.392926045
263,yellow,-30,750-55 B,PSEP,92.7,222.7,,3/13/20,0.416255052
209,orange,-20,750-55 B,PSEP,64.4,154,,3/13/20,0.418181818
426,green,-60,750-55 B,PSEP,68.9,158.8,,3/13/20,0.433879093
582,blue,-80,750-55 B,PSEP,54.7,118.4,,3/13/20,0.461993243
407,green,-60,750-55 B,PSEP,78.4,148.7,,3/13/20,0.527236046
603,blue,-80,750-55 B,PSEP,95.3,179,,3/13/20,0.532402235
418,green,-40,750-55 B,PSEP,93.5,175.3,,3/13/20,0.533371363
415,green,-40,750-55 B,PSEP,94.9,176.7,,3/13/20,0.537068478
259,yellow,-30,750-55 B,PSEP,93,170.3,,3/13/20,0.546095126
420,green,-60,750-55 B,PSEP,130.8,228.6,,3/13/20,0.572178478
478,green,-40,750-55 B,PSEP,142.2,243.6,,3/13/20,0.583743842
537,blue,-80,750-55 B,PSEP,114.1,195.1,,3/13/20,0.584828293
652,red,4,78-2000 B,TATA,2.8,27.7,,3/13/20,0.101083032
180,orange,-10,78-2000 B,TATA,7.8,34.7,,3/13/20,0.224783862
670,red,4,78-2000 B,TATA,9.1,35.5,,3/13/20,0.256338028
227,orange,-20,78-2000 B,TATA,7.9,30.1,,3/13/20,0.262458472
705,orange,-10,78-2000 B,TATA,7.8,29.3,,3/13/20,0.266211604
339,yellow,-30,78-2000 B,TATA,11.2,31.2,,3/13/20,0.358974359
710,orange,-20,78-2000 B,TATA,11.4,28.3,,3/13/20,0.402826855
700,orange,-20,78-2000 B,TATA,13.3,32.1,,3/13/20,0.414330218
294,yellow,-30,78-2000 B,TATA,11.8,26.8,,3/13/20,0.440298507
752,green,-60,78-2000 B,TATA,12.2,25.9,,3/13/20,0.471042471
797,blue,-80,78-2000 B,TATA,14.3,29.1,,3/13/20,0.491408935
768,green,-60,78-2000 B,TATA,13.3,26.5,,3/13/20,0.501886792
770,green,-40,78-2000 B,TATA,14.7,28.2,,3/13/20,0.521276596
378,yellow,-30,78-2000 B,TATA,11.9,22.7,,3/13/20,0.524229075
766,green,-40,78-2000 B,TATA,24.5,38.4,,3/13/20,0.638020833
762,green,-60,78-2000 B,TATA,19.3,30.1,,3/13/20,0.641196013
749,green,-40,78-2000 B,TATA,18.2,28.3,,3/13/20,0.643109541
798,blue,-80,78-2000 B,TATA,19,27.7,,3/13/20,0.685920578
674,red,4,187-2006 B,SACC,4.6,70.5,,3/13/20,0.065248227
663,red,4,187-2006 B,SACC,6.1,54.5,,3/13/20,0.111926606
715,orange,-10,187-2006 B,SACC,12.4,66.2,,3/13/20,0.187311178
720,orange,-10,187-2006 B,SACC,19.4,87.8,,3/13/20,0.22095672
726,orange,-20,187-2006 B,SACC,29.3,117.6,,3/13/20,0.24914966
718,orange,-20,187-2006 B,SACC,14.9,58.8,,3/13/20,0.253401361
706,orange,-10,187-2006 B,SACC,14.2,49.9,,3/13/20,0.284569138
713,orange,-20,187-2006 B,SACC,23.8,75.2,,3/13/20,0.316489362
368,yellow,-30,187-2006 B,SACC,22.2,66.1,,3/13/20,0.335854766
274,yellow,-30,187-2006 B,SACC,21.9,54.5,,3/13/20,0.401834862
489,green,-40,187-2006 B,SACC,22.4,51,,3/13/20,0.439215686
485,green,-60,187-2006 B,SACC,27.5,59.9,,3/13/20,0.459098497
377,yellow,-30,187-2006 B,SACC,35.3,73.3,,3/13/20,0.481582538
495,green,-60,187-2006 B,SACC,47.8,91.5,,3/13/20,0.522404372
464,green,-40,187-2006 B,SACC,42.9,79.3,,3/13/20,0.540983607
494,green,-60,187-2006 B,SACC,45.5,82.2,,3/13/20,0.553527981
787,blue,-80,187-2006 B,SACC,36,60.4,,3/13/20,0.59602649
799,blue,-80,187-2006 B,SACC,58.3,93.8,,3/13/20,0.621535181
813,blue,-80,187-2006 B,SACC,63.4,94.1,,3/13/20,0.673751328
665,red,4,Bussey1,NEGU,9.9,89,,3/13/20,0.111235955
66,red,4,Bussey1,NEGU,12.9,102,,3/13/20,0.126470588
653,red,4,Bussey1,NEGU,14.1,105.3,,3/13/20,0.133903134
641,red,-10,Bussey1,NEGU,38.5,152,,3/13/20,0.253289474
645,red,-10,Bussey1,NEGU,29.2,106.1,,3/13/20,0.275212064
675,red,-10,Bussey1,NEGU,35.1,126.4,,3/13/20,0.277689873
240,orange,-20,Bussey1,NEGU,66.7,142,,3/13/20,0.46971831
232,orange,-20,Bussey1,NEGU,70.1,142.8,,3/13/20,0.490896359
206,orange,-20,Bussey1,NEGU,94.5,170.5,,3/13/20,0.554252199
612,blue,-60,Bussey1,NEGU,67.3,121.2,,3/13/20,0.555280528
283,yellow,-30,Bussey1,NEGU,93,155.4,,3/13/20,0.598455598
480,green,-40,Bussey1,NEGU,83,136,,3/13/20,0.610294118
258,yellow,-30,Bussey1,NEGU,112,182.5,,3/13/20,0.61369863
293,yellow,-30,Bussey1,NEGU,129.5,204.5,,3/13/20,0.633251834
428,green,-40,Bussey1,NEGU,91.3,128.1,,3/13/20,0.712724434
437,green,-40,Bussey1,NEGU,98.3,134.1,,3/13/20,0.733035048
521,blue,-60,Bussey1,NEGU,53.6,68.1,,3/13/20,0.787077827
518,blue,-60,Bussey1,NEGU,107.7,132.3,,3/13/20,0.814058957
635,blue,-80,Bussey1,NEGU,104.1,124.5,,3/13/20,0.836144578
111,red,4,Bussey2,NEGU,11.5,93.4,,3/13/20,0.123126338
37,red,4,Bussey2,NEGU,13.7,104.4,,3/13/20,0.131226054
108,red,4,Bussey2,NEGU,13.1,86.8,,3/13/20,0.150921659
23,red,-10,Bussey2,NEGU,20,94.2,,3/13/20,0.212314225
49,red,-10,Bussey2,NEGU,28.4,122,,3/13/20,0.232786885
105,red,-10,Bussey2,NEGU,27.4,114.2,,3/13/20,0.239929947
151,orange,-20,Bussey2,NEGU,46.6,132.4,,3/13/20,0.351963746
237,orange,-20,Bussey2,NEGU,42.1,111.4,,3/13/20,0.377917415
185,orange,-20,Bussey2,NEGU,44.6,105.8,,3/13/20,0.421550095
461,green,-40,Bussey2,NEGU,27.2,64.4,,3/13/20,0.422360248
269,yellow,-30,Bussey2,NEGU,25.3,54.8,,3/13/20,0.461678832
280,yellow,-30,Bussey2,NEGU,52.3,100.1,,3/13/20,0.522477522
492,green,-40,Bussey2,NEGU,71.8,127.6,,3/13/20,0.562695925
465,green,-40,Bussey2,NEGU,70.2,120.5,,3/13/20,0.582572614
270,yellow,-30,Bussey2,NEGU,64.3,108.6,,3/13/20,0.592081031
517,blue,-60,Bussey2,NEGU,70.9,108.6,,3/13/20,0.652854512
590,blue,-80,Bussey2,NEGU,69.4,97.5,,3/13/20,0.711794872
636,blue,-80,Bussey2,NEGU,76.9,105.2,,3/13/20,0.730988593
618,blue,-80,Bussey2,NEGU,77.9,106.1,,3/13/20,0.734213007
98,red,4,Bussey3,NEGU,17.9,109.1,,3/13/20,0.164069661
5,red,4,Bussey3,NEGU,20.7,102.2,,3/13/20,0.202544031
51,red,4,Bussey3,NEGU,19.7,92,,3/13/20,0.214130435
84,red,-10,Bussey3,NEGU,36.6,126.8,,3/13/20,0.288643533
110,red,-10,Bussey3,NEGU,35,111,,3/13/20,0.315315315
78,red,-10,Bussey3,NEGU,39.6,119.1,,3/13/20,0.332493703
157,orange,-20,Bussey3,NEGU,62,162.8,,3/13/20,0.380835381
144,orange,-20,Bussey3,NEGU,54.3,135.4,,3/13/20,0.401033973
457,green,-40,Bussey3,NEGU,50.6,120.9,,3/13/20,0.418527709
172,orange,-20,Bussey3,NEGU,70.9,162.1,,3/13/20,0.437384331
462,green,-40,Bussey3,NEGU,54.9,111.5,,3/13/20,0.492376682
342,yellow,-30,Bussey3,NEGU,51.3,103.6,,3/13/20,0.495173745
516,blue,-60,Bussey3,NEGU,47.4,94.2,,3/13/20,0.503184713
301,yellow,-30,Bussey3,NEGU,66.6,129.8,,3/13/20,0.513097072
445,green,-40,Bussey3,NEGU,41.4,80.3,,3/13/20,0.515566625
350,yellow,-30,Bussey3,NEGU,67.3,122.9,,3/13/20,0.547599675
520,blue,-60,Bussey3,NEGU,52.4,92.5,,3/13/20,0.566486486
639,blue,-80,Bussey3,NEGU,92.1,140,,3/13/20,0.657857143
576,blue,-60,Bussey3,NEGU,51.8,72,,3/13/20,0.719444444
513,blue,-80,Bussey3,NEGU,91.9,125.1,,3/13/20,0.73461231
10,red,4,Weld1,PLAT,7.3,35.5,,3/13/20,0.205633803
35,red,4,Weld1,PLAT,11.4,49.9,,3/13/20,0.228456914
47,red,-10,Weld1,PLAT,18,69.6,,3/13/20,0.25862069
124,red,-10,Weld1,PLAT,21.4,65.1,,3/13/20,0.328725038
55,red,4,Weld1,PLAT,15.2,45.5,,3/13/20,0.334065934
170,orange,-20,Weld1,PLAT,17.2,51.2,,3/13/20,0.3359375
93,red,-10,Weld1,PLAT,19.3,51.8,,3/13/20,0.372586873
137,orange,-20,Weld1,PLAT,34.9,86.1,,3/13/20,0.405342625
153,orange,-20,Weld1,PLAT,25.2,58.1,,3/13/20,0.43373494
343,yellow,-30,Weld1,PLAT,24.8,47,,3/13/20,0.527659574
331,yellow,-30,Weld1,PLAT,24.6,45,,3/13/20,0.546666667
403,green,-40,Weld1,PLAT,40.4,73.8,,3/13/20,0.547425474
560,blue,-60,Weld1,PLAT,46.5,84.1,,3/13/20,0.552913199
337,yellow,-30,Weld1,PLAT,36.7,59.4,,3/13/20,0.617845118
598,blue,-60,Weld1,PLAT,30.7,48.6,,3/13/20,0.631687243
452,green,-40,Weld1,PLAT,24.2,38,,3/13/20,0.636842105
444,green,-40,Weld1,PLAT,36.8,55.3,,3/13/20,0.665461121
565,blue,-80,Weld1,PLAT,28.6,40.9,,3/13/20,0.699266504
71,red,4,Weld2,PLAT,15.2,64.8,,3/13/20,0.234567901
89,red,4,Weld2,PLAT,12.1,44.3,,3/13/20,0.273137698
81,red,4,Weld2,PLAT,17,55.3,,3/13/20,0.307414105
92,red,-10,Weld2,PLAT,32.2,90.4,,3/13/20,0.35619469
233,orange,-20,Weld2,PLAT,25.3,70,,3/13/20,0.361428571
1,red,-10,Weld2,PLAT,31.2,85.8,,3/13/20,0.363636364
155,orange,-20,Weld2,PLAT,39.4,98,,3/13/20,0.402040816
128,red,-10,Weld2,PLAT,21.6,48.5,,3/13/20,0.445360825
198,orange,-20,Weld2,PLAT,21.8,47.4,,3/13/20,0.459915612
383,yellow,-30,Weld2,PLAT,47.6,88.3,,3/13/20,0.539071348
506,green,-40,Weld2,PLAT,47.2,80.5,,3/13/20,0.586335404
257,yellow,-30,Weld2,PLAT,43.5,73.2,,3/13/20,0.594262295
503,green,-40,Weld2,PLAT,42.6,68.3,,3/13/20,0.623718887
634,blue,-60,Weld2,PLAT,72.9,114.9,,3/13/20,0.634464752
458,green,-40,Weld2,PLAT,27.7,42.5,,3/13/20,0.651764706
287,yellow,-30,Weld2,PLAT,41.9,63.4,,3/13/20,0.660883281
627,blue,-80,Weld2,PLAT,46,69.4,,3/13/20,0.662824207
571,blue,-80,Weld2,PLAT,55.2,77.6,,3/13/20,0.711340206
637,blue,-80,Weld2,PLAT,32.9,45,,3/13/20,0.731111111
519,blue,-60,Weld2,PLAT,66.8,90.2,,3/13/20,0.740576497
109,red,4,Weld3,PLAT,13.9,59.3,,3/13/20,0.234401349
100,red,4,Weld3,PLAT,17.2,71.2,,3/13/20,0.241573034
39,red,4,Weld3,PLAT,10.7,44.2,,3/13/20,0.242081448
15,red,-10,Weld3,PLAT,26,80.5,,3/13/20,0.322981366
99,red,-10,Weld3,PLAT,26,75.3,,3/13/20,0.345285525
76,red,-10,Weld3,PLAT,24.1,67.6,,3/13/20,0.356508876
231,orange,-20,Weld3,PLAT,22.2,61.5,,3/13/20,0.36097561
178,orange,-20,Weld3,PLAT,29.4,70.8,,3/13/20,0.415254237
184,orange,-20,Weld3,PLAT,38.8,92,,3/13/20,0.42173913
309,yellow,-30,Weld3,PLAT,35.5,73.4,,3/13/20,0.483651226
341,yellow,-30,Weld3,PLAT,25.1,49.9,,3/13/20,0.503006012
364,yellow,-30,Weld3,PLAT,23.9,46,,3/13/20,0.519565217
570,blue,-80,Weld3,PLAT,38.3,69.5,,3/13/20,0.551079137
534,blue,-80,Weld3,PLAT,42.9,75.3,,3/13/20,0.569721116
512,green,-40,Weld3,PLAT,44.9,76.4,,3/13/20,0.587696335
599,blue,-60,Weld3,PLAT,32.9,55.3,,3/13/20,0.594936709
470,green,-40,Weld3,PLAT,43.3,72,,3/13/20,0.601388889
507,green,-40,Weld3,PLAT,38.9,56.1,,3/13/20,0.693404635
600,blue,-60,Weld3,PLAT,36.1,50.8,,3/13/20,0.710629921
525,blue,-60,Weld3,PLAT,76.5,82.4,,3/13/20,0.928398058
561,blue,-80,Weld3,PLAT,74.8,59.2,,3/13/20,1.263513514
196,orange,4,115-2000 A,TATA,14.4,74.1,73.9,2/10/20,0.194331984
689,orange,4,115-2000 A,TATA,8.8,24.4,44.7,2/10/20,0.360655738
645,red,-10,115-2000 A,TATA,9.9,22,,2/10/20,0.45
641,red,-10,115-2000 A,TATA,13.1,27.8,,2/10/20,0.471223022
198,orange,-20,115-2000 A,TATA,13.9,29,,2/10/20,0.479310345
179,orange,-20,115-2000 A,TATA,24.3,49.2,,2/10/20,0.493902439
338,yellow,-30,115-2000 A,TATA,24.2,46.9,,2/10/20,0.515991471
126,red,-10,115-2000 A,TATA,18.7,35,,2/10/20,0.534285714
202,orange,-20,115-2000 A,TATA,13.4,24.3,,2/10/20,0.551440329
760,green,-80,115-2000 A,TATA,21.5,35.3,,2/10/20,0.609065156
755,green,-40,115-2000 A,TATA,28.3,46.3,,2/10/20,0.611231102
757,green,-80,115-2000 A,TATA,31.2,49.6,,2/10/20,0.629032258
741,green,-80,115-2000 A,TATA,14.4,21.7,,2/10/20,0.66359447
293,yellow,-30,115-2000 A,TATA,21.6,32.3,,2/10/20,0.66873065
357,yellow,-30,115-2000 A,TATA,15.6,21.7,,2/10/20,0.718894009
749,green,-40,115-2000 A,TATA,19.4,26.5,,2/10/20,0.732075472
775,blue,-60,115-2000 A,TATA,19.6,26.4,,2/10/20,0.742424242
738,green,-40,115-2000 A,TATA,14.6,19.1,,2/10/20,0.764397906
37,red,4,115-76 A,TATA,11,31.9,62.7,2/10/20,0.344827586
91,red,-10,115-76 A,TATA,12.8,27.8,,2/10/20,0.460431655
38,red,4,115-76 A,TATA,8.7,17.3,38,2/10/20,0.502890173
74,red,-10,115-76 A,TATA,9.7,17.8,,2/10/20,0.54494382
80,red,4,115-76 A,TATA,14.1,24.5,NA,2/10/20,0.575510204
55,red,-10,115-76 A,TATA,12.4,20.2,,2/10/20,0.613861386
147,orange,-20,115-76 A,TATA,16.1,24.7,,2/10/20,0.651821862
311,yellow,-30,115-76 A,TATA,15,23,,2/10/20,0.652173913
134,orange,-20,115-76 A,TATA,11.4,17.3,,2/10/20,0.658959538
129,orange,-20,115-76 A,TATA,13.3,19.6,,2/10/20,0.678571429
307,yellow,-30,115-76 A,TATA,16.8,24.7,,2/10/20,0.680161943
386,green,-40,115-76 A,TATA,21,30,,2/10/20,0.7
304,yellow,-30,115-76 A,TATA,15.3,21.7,,2/10/20,0.705069124
585,blue,-60,115-76 A,TATA,20.5,28.3,,2/10/20,0.724381625
538,blue,-60,115-76 A,TATA,20.7,28.4,,2/10/20,0.728873239
584,blue,-80,115-76 A,TATA,29.8,40.6,,2/10/20,0.733990148
520,blue,-60,115-76 A,TATA,23.7,31.7,,2/10/20,0.747634069
421,green,-40,115-76 A,TATA,19.4,25.2,,2/10/20,0.76984127
423,green,-40,115-76 A,TATA,36.4,47,,2/10/20,0.774468085
613,blue,-80,115-76 A,TATA,16.4,21,,2/10/20,0.780952381
575,blue,-80,115-76 A,TATA,22.3,26.4,,2/10/20,0.84469697
20,red,4,122-2003 B,DAVI,9.3,45.1,66.8,2/10/20,0.206208426
7,red,-10,122-2003 B,DAVI,13.1,55.3,,2/10/20,0.236889693
33,red,4,122-2003 B,DAVI,9.6,40.2,60,2/10/20,0.23880597
48,red,-10,122-2003 B,DAVI,11.9,39.8,,2/10/20,0.298994975
105,red,4,122-2003 B,DAVI,11.1,37.1,68.1,2/10/20,0.299191375
47,red,-10,122-2003 B,DAVI,11.4,36.6,,2/10/20,0.31147541
144,orange,-20,122-2003 B,DAVI,28.8,48.1,,2/10/20,0.598752599
395,green,-40,122-2003 B,DAVI,29.7,42.8,,2/10/20,0.693925234
219,orange,-20,122-2003 B,DAVI,42.9,58.7,,2/10/20,0.730834753
565,blue,-60,122-2003 B,DAVI,53,71,,2/10/20,0.746478873
525,blue,-80,122-2003 B,DAVI,36.4,48.7,,2/10/20,0.747433265
557,blue,-80,122-2003 B,DAVI,34.1,45.6,,2/10/20,0.747807018
526,blue,-80,122-2003 B,DAVI,58,77.2,,2/10/20,0.751295337
285,yellow,-30,122-2003 B,DAVI,47.2,62.5,,2/10/20,0.7552
414,green,-40,122-2003 B,DAVI,41.5,53.2,,2/10/20,0.780075188
299,yellow,-30,122-2003 B,DAVI,53.8,68.9,,2/10/20,0.7808418
528,blue,-60,122-2003 B,DAVI,35.7,45.4,,2/10/20,0.786343612
286,yellow,-30,122-2003 B,DAVI,45.8,57,,2/10/20,0.803508772
492,green,-40,122-2003 B,DAVI,40.8,50.4,,2/10/20,0.80952381
550,blue,-60,122-2003 B,DAVI,52.4,60.7,,2/10/20,0.863261944
234,orange,-20,122-2003 B,DAVI,27.5,NA,,2/10/20,#VALUE!
792,blue,-60,124-2005 C,SPIC,25.1,101.4,,2/10/20,0.247534517
673,red,-10,124-2005 C,SPIC,12.6,45.7,,2/10/20,0.27571116
194,orange,4,124-2005 C,SPIC,13.4,46.7,94.1,2/10/20,0.286937901
214,orange,4,124-2005 C,SPIC,13.1,44.9,81.4,2/10/20,0.291759465
185,orange,4,124-2005 C,SPIC,13,41.5,68.7,2/10/20,0.313253012
658,red,-10,124-2005 C,SPIC,10.7,32.2,,2/10/20,0.332298137
677,red,-10,124-2005 C,SPIC,22.2,66.8,,2/10/20,0.332335329
811,blue,-60,124-2005 C,SPIC,27.4,64.7,,2/10/20,0.423493045
171,orange,-20,124-2005 C,SPIC,29,57.8,,2/10/20,0.501730104
351,yellow,-30,124-2005 C,SPIC,32.3,64.3,,2/10/20,0.502332815
441,green,-80,124-2005 C,SPIC,29.8,58.5,,2/10/20,0.509401709
271,yellow,-30,124-2005 C,SPIC,27.7,54.3,,2/10/20,0.510128913
503,green,-40,124-2005 C,SPIC,34.7,64.7,,2/10/20,0.536321484
494,green,-80,124-2005 C,SPIC,30.2,56.3,,2/10/20,0.536412078
183,orange,-20,124-2005 C,SPIC,30.4,55.8,,2/10/20,0.544802867
804,blue,-60,124-2005 C,SPIC,39.3,68,,2/10/20,0.577941176
366,yellow,-30,124-2005 C,SPIC,28.8,49.4,,2/10/20,0.582995951
252,orange,-20,124-2005 C,SPIC,28.2,47.2,,2/10/20,0.597457627
510,green,-40,124-2005 C,SPIC,37.1,59.1,,2/10/20,0.627749577
488,green,-80,124-2005 C,SPIC,40.7,61.5,,2/10/20,0.661788618
448,green,-40,124-2005 C,SPIC,32.9,46.4,,2/10/20,0.709051724
253,orange,4,126-2003 B,DAVI,12.4,59.5,NA,2/10/20,0.208403361
668,red,-10,126-2003 B,DAVI,17.6,76.4,,2/10/20,0.230366492
237,orange,4,126-2003 B,DAVI,13.2,56.8,78.7,2/10/20,0.232394366
671,red,-10,126-2003 B,DAVI,17.1,70.1,,2/10/20,0.243937233
251,orange,4,126-2003 B,DAVI,15.6,63.6,98.7,2/10/20,0.245283019
667,red,-10,126-2003 B,DAVI,15,48.6,,2/10/20,0.308641975
218,orange,-20,126-2003 B,DAVI,30.1,66.2,,2/10/20,0.454682779
228,orange,-20,126-2003 B,DAVI,36.3,68.2,,2/10/20,0.532258065
192,orange,-20,126-2003 B,DAVI,30,47.3,,2/10/20,0.634249471
458,green,-80,126-2003 B,DAVI,55.4,87.2,,2/10/20,0.635321101
813,blue,-60,126-2003 B,DAVI,57.4,87.8,,2/10/20,0.653758542
509,green,-80,126-2003 B,DAVI,55.9,82.3,,2/10/20,0.679222357
330,yellow,-30,126-2003 B,DAVI,58,83.3,,2/10/20,0.696278511
358,yellow,-30,126-2003 B,DAVI,59.1,84.8,,2/10/20,0.696933962
399,green,-40,126-2003 B,DAVI,58.9,84,,2/10/20,0.701190476
390,green,-40,126-2003 B,DAVI,57.5,81.5,,2/10/20,0.705521472
801,blue,-60,126-2003 B,DAVI,64.6,90.8,,2/10/20,0.711453744
362,yellow,-30,126-2003 B,DAVI,40.5,56.6,,2/10/20,0.715547703
404,green,-80,126-2003 B,DAVI,56.2,75.2,,2/10/20,0.747340426
389,green,-40,126-2003 B,DAVI,67.8,90,,2/10/20,0.753333333
785,blue,-60,126-2003 B,DAVI,64.1,46.2,,2/10/20,1.387445887
799,blue,-60,172-2001 B,CAMP,43.2,155.3,,2/10/20,0.278171281
201,orange,4,172-2001 B,CAMP,24,75.6,172.6,2/10/20,0.317460317
159,orange,4,172-2001 B,CAMP,26.4,80.5,173,2/10/20,0.327950311
177,orange,4,172-2001 B,CAMP,28.8,78,173.7,2/10/20,0.369230769
655,red,-10,172-2001 B,CAMP,25,63.3,,2/10/20,0.394944708
666,red,-10,172-2001 B,CAMP,25,62.3,,2/10/20,0.401284109
651,red,-10,172-2001 B,CAMP,22.6,55.9,,2/10/20,0.404293381
163,orange,-20,172-2001 B,CAMP,31.3,65.3,,2/10/20,0.479326187
175,orange,-20,172-2001 B,CAMP,31.2,63.2,,2/10/20,0.493670886
181,orange,-20,172-2001 B,CAMP,31.2,61.1,,2/10/20,0.510638298
411,green,-80,172-2001 B,CAMP,67.7,100.8,,2/10/20,0.671626984
391,green,-40,172-2001 B,CAMP,55.7,80.8,,2/10/20,0.689356436
460,green,-40,172-2001 B,CAMP,61.4,85.4,,2/10/20,0.718969555
413,green,-80,172-2001 B,CAMP,61,83.5,,2/10/20,0.730538922
435,green,-80,172-2001 B,CAMP,78.9,106.4,,2/10/20,0.741541353
784,blue,-60,172-2001 B,CAMP,49.9,64.9,,2/10/20,0.768875193
334,yellow,-30,172-2001 B,CAMP,75.9,97.8,,2/10/20,0.77607362
270,yellow,-30,172-2001 B,CAMP,60.3,77.2,,2/10/20,0.781088083
309,yellow,-30,172-2001 B,CAMP,56.3,67.8,,2/10/20,0.830383481
439,green,-40,172-2001 B,CAMP,48.3,58.1,,2/10/20,0.831325301
778,blue,-60,172-2001 B,CAMP,48.3,54.4,,2/10/20,0.887867647
100,red,4,1187-2006 B,SACC,17.8,47.3,95.5,2/10/20,0.376321353
75,red,4,1187-2006 B,SACC,17.2,44.8,79.1,2/10/20,0.383928571
113,red,-10,1187-2006 B,SACC,29.6,75.4,,2/10/20,0.392572944
107,red,-10,1187-2006 B,SACC,18.1,40,,2/10/20,0.4525
120,red,4,1187-2006 B,SACC,11.4,25.1,55.3,2/10/20,0.454183267
204,orange,-20,1187-2006 B,SACC,41.5,82.2,,2/10/20,0.50486618
133,orange,-20,1187-2006 B,SACC,32.3,61.9,,2/10/20,0.52180937
77,red,-10,1187-2006 B,SACC,19.6,34.7,,2/10/20,0.564841499
236,orange,-20,1187-2006 B,SACC,20.9,35.7,,2/10/20,0.585434174
339,yellow,-30,1187-2006 B,SACC,35.5,59.7,,2/10/20,0.594639866
350,yellow,-30,1187-2006 B,SACC,28.4,45.5,,2/10/20,0.624175824
638,blue,-60,1187-2006 B,SACC,33.3,53,,2/10/20,0.628301887
543,blue,-60,1187-2006 B,SACC,35.1,53.3,,2/10/20,0.658536585
519,blue,-60,1187-2006 B,SACC,32.4,47,,2/10/20,0.689361702
326,yellow,-30,1187-2006 B,SACC,35.6,51,,2/10/20,0.698039216
629,blue,-80,1187-2006 B,SACC,60,85.4,,2/10/20,0.702576112
626,blue,-80,1187-2006 B,SACC,34,45.8,,2/10/20,0.742358079
484,green,-40,1187-2006 B,SACC,44.2,58.9,,2/10/20,0.750424448
409,green,-40,1187-2006 B,SACC,32.4,42.6,,2/10/20,0.76056338
495,green,-40,1187-2006 B,SACC,41.5,54.4,,2/10/20,0.762867647
628,blue,-80,1187-2006 B,SACC,29.1,34.4,,2/10/20,0.845930233
3,red,4,19634 A,PSEP,12.1,65.3,131,2/10/20,0.185298622
18,red,-10,19634 A,PSEP,20.9,109.5,,2/10/20,0.19086758
83,red,4,19634 A,PSEP,25.7,84.1,138.7,2/10/20,0.305588585
14,red,-10,19634 A,PSEP,17.2,53.2,,2/10/20,0.323308271
1,red,4,19634 A,PSEP,17.5,53.6,117,2/10/20,0.326492537
16,red,-10,19634 A,PSEP,22.7,68.1,,2/10/20,0.333333333
224,orange,-20,19634 A,PSEP,56.9,123.2,,2/10/20,0.461850649
206,orange,-20,19634 A,PSEP,32.2,68.2,,2/10/20,0.472140762
207,orange,-20,19634 A,PSEP,36.6,65.2,,2/10/20,0.561349693
558,blue,-60,19634 A,PSEP,108.1,181.8,,2/10/20,0.594609461
258,yellow,-30,19634 A,PSEP,68.5,110.1,,2/10/20,0.622161671
563,blue,-80,19634 A,PSEP,73.3,115.9,,2/10/20,0.63244176
588,blue,-60,19634 A,PSEP,65.6,102.6,,2/10/20,0.639376218
426,green,-40,19634 A,PSEP,61.1,93.9,,2/10/20,0.650692226
259,yellow,-30,19634 A,PSEP,64.1,97.6,,2/10/20,0.656762295
595,blue,-80,19634 A,PSEP,72.1,103.7,,2/10/20,0.695274831
623,blue,-80,19634 A,PSEP,74.7,106.8,,2/10/20,0.699438202
349,yellow,-30,19634 A,PSEP,74.9,106.5,,2/10/20,0.703286385
491,green,-40,19634 A,PSEP,105.8,145.6,,2/10/20,0.726648352
560,blue,-60,19634 A,PSEP,134.4,179.8,,2/10/20,0.747497219
398,green,-40,19634 A,PSEP,64.1,85.4,,2/10/20,0.75058548
180,orange,4,197-2001 A,NEGU,17.4,87,161.9,2/10/20,0.2
188,orange,4,197-2001 A,NEGU,31.5,152.3,216,2/10/20,0.206828628
681,red,-10,197-2001 A,NEGU,23.3,95.6,,2/10/20,0.243723849
684,red,-10,197-2001 A,NEGU,18.3,64.4,,2/10/20,0.284161491
682,red,-10,197-2001 A,NEGU,23.3,80.1,,2/10/20,0.290886392
174,orange,4,197-2001 A,NEGU,16.4,53.1,142.4,2/10/20,0.308851224
199,orange,-20,197-2001 A,NEGU,47.2,137.5,,2/10/20,0.343272727
432,green,-80,197-2001 A,NEGU,61.9,156.4,,2/10/20,0.395780051
176,orange,-20,197-2001 A,NEGU,43.3,99.9,,2/10/20,0.433433433
229,orange,-20,197-2001 A,NEGU,54.4,118,,2/10/20,0.461016949
500,green,-80,197-2001 A,NEGU,44.5,94.5,,2/10/20,0.470899471
511,green,-80,197-2001 A,NEGU,75.4,149.5,,2/10/20,0.504347826
383,yellow,-30,197-2001 A,NEGU,61.5,119.1,,2/10/20,0.516372796
440,green,-40,197-2001 A,NEGU,53.8,101.8,,2/10/20,0.52848723
322,yellow,-30,197-2001 A,NEGU,60.3,109.1,,2/10/20,0.552703941
807,blue,-60,197-2001 A,NEGU,73.4,125.6,,2/10/20,0.584394904
506,green,-40,197-2001 A,NEGU,60.9,103.3,,2/10/20,0.589545015
802,blue,-60,197-2001 A,NEGU,61.9,102.5,,2/10/20,0.603902439
320,yellow,-30,197-2001 A,NEGU,50.7,82.3,,2/10/20,0.616038882
433,green,-40,197-2001 A,NEGU,88.8,131.3,,2/10/20,0.676313785
790,blue,-60,197-2001 A,NEGU,50.9,47.4,,2/10/20,1.073839662
694,orange,4,207-2005 A,RUBR,10.3,35.9,68.3,2/10/20,0.286908078
704,orange,4,207-2005 A,RUBR,14.6,49.5,94.5,2/10/20,0.294949495
703,orange,4,207-2005 A,RUBR,12.5,40,75.4,2/10/20,0.3125
657,red,-10,207-2005 A,RUBR,14.9,38.6,,2/10/20,0.386010363
659,red,-10,207-2005 A,RUBR,15.3,34.4,,2/10/20,0.444767442
696,orange,-20,207-2005 A,RUBR,20.7,45.9,,2/10/20,0.450980392
706,orange,-20,207-2005 A,RUBR,14.5,30.2,,2/10/20,0.48013245
282,yellow,-30,207-2005 A,RUBR,24.7,44.3,,2/10/20,0.557562077
652,red,-10,207-2005 A,RUBR,12.6,22.5,,2/10/20,0.56
732,green,-80,207-2005 A,RUBR,32,55.5,,2/10/20,0.576576577
272,yellow,-30,207-2005 A,RUBR,24,41.1,,2/10/20,0.583941606
281,yellow,-30,207-2005 A,RUBR,24,40.2,,2/10/20,0.597014925
609,blue,-60,207-2005 A,RUBR,28.6,47.2,,2/10/20,0.605932203
708,orange,-20,207-2005 A,RUBR,30.9,49.1,,2/10/20,0.629327902
640,blue,-60,207-2005 A,RUBR,27.9,42.7,,2/10/20,0.653395785
739,green,-40,207-2005 A,RUBR,32.1,47,,2/10/20,0.682978723
455,green,-80,207-2005 A,RUBR,37.1,52.8,,2/10/20,0.702651515
772,green,-40,207-2005 A,RUBR,34.9,49.1,,2/10/20,0.710794297
418,green,-80,207-2005 A,RUBR,33,46,,2/10/20,0.717391304
767,green,-40,207-2005 A,RUBR,32.3,44.4,,2/10/20,0.727477477
619,blue,-60,207-2005 A,RUBR,44.4,57.5,,2/10/20,0.772173913
88,red,4,22858 B,PSEP,17.1,97.8,206.3,2/10/20,0.174846626
69,red,-10,22858 B,PSEP,22.8,92,,2/10/20,0.247826087
106,red,-10,22858 B,PSEP,28.7,115.2,,2/10/20,0.249131944
78,red,4,22858 B,PSEP,23.7,93.3,214.8,2/10/20,0.254019293
50,red,-10,22858 B,PSEP,29,97.4,,2/10/20,0.297741273
69,red,4,22858 B,PSEP,22.7,75.1,213.8,2/10/20,0.302263648
143,orange,-20,22858 B,PSEP,47.4,118,,2/10/20,0.401694915
217,orange,-20,22858 B,PSEP,53.5,118.2,,2/10/20,0.452622673
242,orange,-20,22858 B,PSEP,61,126.6,,2/10/20,0.481832543
372,yellow,-30,22858 B,PSEP,63.5,102.9,,2/10/20,0.617103984
530,blue,-60,22858 B,PSEP,100.5,146,,2/10/20,0.688356164
517,blue,-60,22858 B,PSEP,82.8,120,,2/10/20,0.69
313,yellow,-30,22858 B,PSEP,89.2,124.9,,2/10/20,0.714171337
535,blue,-80,22858 B,PSEP,99.4,137.7,,2/10/20,0.721859114
569,blue,-60,22858 B,PSEP,97,133.9,,2/10/20,0.72442121
355,yellow,-30,22858 B,PSEP,95.7,131.3,,2/10/20,0.728865194
446,green,-40,22858 B,PSEP,76,103.2,,2/10/20,0.736434109
522,blue,-80,22858 B,PSEP,71.6,94.9,,2/10/20,0.754478398
466,green,-40,22858 B,PSEP,107.3,139.5,,2/10/20,0.769175627
485,green,-40,22858 B,PSEP,82.9,103.8,,2/10/20,0.798651252
545,blue,-80,22858 B,PSEP,112.1,138.3,,2/10/20,0.810556761
167,orange,4,246-2010 A,SACC,15,52.6,89.6,2/10/20,0.285171103
164,orange,4,246-2010 A,SACC,12.1,38,62,2/10/20,0.318421053
153,orange,4,246-2010 A,SACC,14.1,39.1,70.5,2/10/20,0.360613811
787,blue,-60,246-2010 A,SACC,32.2,87.8,,2/10/20,0.366742597
660,red,-10,246-2010 A,SACC,21.3,51.2,,2/10/20,0.416015625
239,orange,-20,246-2010 A,SACC,28.9,62.8,,2/10/20,0.460191083
680,red,-10,246-2010 A,SACC,11.7,25.4,,2/10/20,0.460629921
170,orange,-20,246-2010 A,SACC,22.8,49.4,,2/10/20,0.461538462
672,red,-10,246-2010 A,SACC,11.9,24.2,,2/10/20,0.491735537
280,yellow,-30,246-2010 A,SACC,30.9,56.7,,2/10/20,0.544973545
788,blue,-60,246-2010 A,SACC,33.7,59.6,,2/10/20,0.565436242
250,orange,-20,246-2010 A,SACC,19.2,33.5,,2/10/20,0.573134328
292,yellow,-30,246-2010 A,SACC,23.1,40.1,,2/10/20,0.57605985
461,green,-40,246-2010 A,SACC,30.2,48.6,,2/10/20,0.621399177
384,yellow,-30,246-2010 A,SACC,18,28.9,,2/10/20,0.62283737
786,blue,-60,246-2010 A,SACC,39.8,61.8,,2/10/20,0.644012945
469,green,-40,246-2010 A,SACC,43.4,66.2,,2/10/20,0.655589124
457,green,-80,246-2010 A,SACC,21,31,,2/10/20,0.677419355
502,green,-80,246-2010 A,SACC,42.6,61.6,,2/10/20,0.691558442
487,green,-80,246-2010 A,SACC,19.7,28.2,,2/10/20,0.69858156
498,green,-40,246-2010 A,SACC,32.8,44.8,,2/10/20,0.732142857
29,red,4,253-2013 A,NEGU,17.6,66.6,112.3,2/10/20,0.264264264
6,red,4,253-2013 A,NEGU,17.1,63.3,129.4,2/10/20,0.27014218
28,red,-10,253-2013 A,NEGU,15.4,51.4,,2/10/20,0.299610895
53,red,-10,253-2013 A,NEGU,13.5,33.9,,2/10/20,0.398230088
624,blue,-80,253-2013 A,NEGU,52.1,97.7,,2/10/20,0.533265097
235,orange,-20,253-2013 A,NEGU,40.9,73.4,,2/10/20,0.557220708
172,orange,-20,253-2013 A,NEGU,49.4,87.2,,2/10/20,0.566513761
594,blue,-80,253-2013 A,NEGU,24.2,42,,2/10/20,0.576190476
209,orange,-20,253-2013 A,NEGU,23.7,40.6,,2/10/20,0.583743842
586,blue,-60,253-2013 A,NEGU,48.6,78.4,,2/10/20,0.619897959
610,blue,-80,253-2013 A,NEGU,36.4,58.1,,2/10/20,0.626506024
616,blue,-60,253-2013 A,NEGU,58.8,91.1,,2/10/20,0.645444566
592,blue,-60,253-2013 A,NEGU,58.7,88.2,,2/10/20,0.66553288
257,yellow,-30,253-2013 A,NEGU,44.5,66,,2/10/20,0.674242424
451,green,-40,253-2013 A,NEGU,41.5,61.2,,2/10/20,0.678104575
316,yellow,-30,253-2013 A,NEGU,39.2,57.6,,2/10/20,0.680555556
465,green,-40,253-2013 A,NEGU,36.6,52,,2/10/20,0.703846154
407,green,-40,253-2013 A,NEGU,31.7,43.5,,2/10/20,0.728735632
347,yellow,-30,253-2013 A,NEGU,37.9,51.9,,2/10/20,0.730250482
17,red,-10,253-2013 A,NEGU,162.8,219.1,,2/10/20,0.743039708
13,red,4,253-2013 A,NEGU,170.7,222.9,247,2/10/20,0.765814266
4,red,4,253-2013 B,NEGU,19.2,73.8,129.2,2/10/20,0.260162602
63,red,4,253-2013 B,NEGU,20.4,78.1,NA,2/10/20,0.261203585
31,red,4,253-2013 B,NEGU,22.8,72.3,147.2,2/10/20,0.315352697
15,red,-10,253-2013 B,NEGU,25.8,75,,2/10/20,0.344
5,red,-10,253-2013 B,NEGU,32.3,90.5,,2/10/20,0.356906077
2,red,-10,253-2013 B,NEGU,23.3,57.7,,2/10/20,0.403812825
130,orange,-20,253-2013 B,NEGU,52.6,97.9,,2/10/20,0.537282942
573,blue,-80,253-2013 B,NEGU,97.9,173.2,,2/10/20,0.565242494
132,orange,-20,253-2013 B,NEGU,58.7,103.6,,2/10/20,0.566602317
589,blue,-80,253-2013 B,NEGU,63.3,105.6,,2/10/20,0.599431818
306,yellow,-30,253-2013 B,NEGU,63.9,98.6,,2/10/20,0.648073022
447,green,-40,253-2013 B,NEGU,72,107.8,,2/10/20,0.667903525
593,blue,-60,253-2013 B,NEGU,58.6,86.8,,2/10/20,0.675115207
581,blue,-60,253-2013 B,NEGU,57.2,82.7,,2/10/20,0.69165659
598,blue,-60,253-2013 B,NEGU,55.4,80,,2/10/20,0.6925
308,yellow,-30,253-2013 B,NEGU,58.3,84.1,,2/10/20,0.693222354
310,yellow,-30,253-2013 B,NEGU,64.9,92.5,,2/10/20,0.701621622
561,blue,-80,253-2013 B,NEGU,61.7,84.4,,2/10/20,0.731042654
424,green,-40,253-2013 B,NEGU,61.6,80.4,,2/10/20,0.766169154
481,green,-40,253-2013 B,NEGU,59.3,70.3,,2/10/20,0.843527738
233,orange,-20,253-2013 B,NEGU,47.2,NA,,2/10/20,#VALUE!
44,red,4,270-2010 A,SPIC,8.7,27.3,45.9,2/10/20,0.318681319
43,red,4,270-2010 A,SPIC,6.9,18.4,39.4,2/10/20,0.375
11,red,-10,270-2010 A,SPIC,12.7,33.7,,2/10/20,0.376854599
10,red,-10,270-2010 A,SPIC,8.1,20.8,,2/10/20,0.389423077
57,red,-10,270-2010 A,SPIC,13.1,29.5,,2/10/20,0.444067797
222,orange,-20,270-2010 A,SPIC,13.2,26.8,,2/10/20,0.492537313
208,orange,-20,270-2010 A,SPIC,13.3,26.5,,2/10/20,0.501886792
9,red,4,270-2010 A,SPIC,11.5,22.7,54.8,2/10/20,0.50660793
245,orange,-20,270-2010 A,SPIC,14.8,28.1,,2/10/20,0.526690391
369,yellow,-30,270-2010 A,SPIC,20,36,,2/10/20,0.555555556
312,yellow,-30,270-2010 A,SPIC,15.9,28.5,,2/10/20,0.557894737
333,yellow,-30,270-2010 A,SPIC,12.3,21.7,,2/10/20,0.566820276
515,blue,-80,270-2010 A,SPIC,19.6,33.5,,2/10/20,0.585074627
555,blue,-60,270-2010 A,SPIC,21.2,36,,2/10/20,0.588888889
564,blue,-80,270-2010 A,SPIC,22.9,37.4,,2/10/20,0.612299465
567,blue,-80,270-2010 A,SPIC,20.3,32.8,,2/10/20,0.618902439
531,blue,-60,270-2010 A,SPIC,19.4,29.3,,2/10/20,0.662116041
477,green,-40,270-2010 A,SPIC,23.2,34,,2/10/20,0.682352941
497,green,-40,270-2010 A,SPIC,19,27,,2/10/20,0.703703704
566,blue,-60,270-2010 A,SPIC,26.1,36.4,,2/10/20,0.717032967
472,green,-40,270-2010 A,SPIC,30.2,41,,2/10/20,0.736585366
67,red,4,31-73 A,HYRC,9.3,26.9,61,2/10/20,0.345724907
73,red,4,31-73 A,HYRC,14.6,42,81.7,2/10/20,0.347619048
104,red,4,31-73 A,HYRC,16.7,45.7,96.7,2/10/20,0.365426696
59,red,-10,31-73 A,HYRC,13.5,34.9,,2/10/20,0.386819484
124,red,-10,31-73 A,HYRC,12.1,30.9,,2/10/20,0.391585761
125,red,-10,31-73 A,HYRC,13.9,34.3,,2/10/20,0.405247813
210,orange,-20,31-73 A,HYRC,17.5,36.4,,2/10/20,0.480769231
139,orange,-20,31-73 A,HYRC,23.3,43.2,,2/10/20,0.539351852
212,orange,-20,31-73 A,HYRC,19.9,36.1,,2/10/20,0.551246537
298,yellow,-30,31-73 A,HYRC,20.9,34.7,,2/10/20,0.602305476
608,blue,-60,31-73 A,HYRC,26.6,43.7,,2/10/20,0.608695652
606,blue,-60,31-73 A,HYRC,23.2,36.4,,2/10/20,0.637362637
288,yellow,-30,31-73 A,HYRC,23,35.5,,2/10/20,0.647887324
549,blue,-80,31-73 A,HYRC,24.1,36.2,,2/10/20,0.665745856
297,yellow,-30,31-73 A,HYRC,28.6,42.6,,2/10/20,0.671361502
636,blue,-80,31-73 A,HYRC,43.9,64.2,,2/10/20,0.683800623
603,blue,-60,31-73 A,HYRC,28.6,41.5,,2/10/20,0.689156627
514,blue,-80,31-73 A,HYRC,24.8,35,,2/10/20,0.708571429
456,green,-40,31-73 A,HYRC,33.9,42.3,,2/10/20,0.80141844
431,green,-40,31-73 A,HYRC,32,38.3,,2/10/20,0.835509138
427,green,-40,31-73 A,HYRC,47.5,56.3,,2/10/20,0.843694494
690,orange,4,31-73 B,HYRC,11.1,33,65.9,2/10/20,0.336363636
709,orange,4,31-73 B,HYRC,9.5,24.4,81.4,2/10/20,0.389344262
720,orange,4,31-73 B,HYRC,15.4,39.2,102.6,2/10/20,0.392857143
118,red,-10,31-73 B,HYRC,20.8,45.1,,2/10/20,0.461197339
646,red,-10,31-73 B,HYRC,13.1,28.2,,2/10/20,0.464539007
102,red,-10,31-73 B,HYRC,17.4,37.4,,2/10/20,0.465240642
793,blue,-60,31-73 B,HYRC,35,71.8,,2/10/20,0.487465181
430,green,-80,31-73 B,HYRC,21.5,42.2,,2/10/20,0.509478673
718,orange,-20,31-73 B,HYRC,23.1,41,,2/10/20,0.563414634
725,orange,-20,31-73 B,HYRC,21,35.3,,2/10/20,0.59490085
730,orange,-20,31-73 B,HYRC,18.8,31.5,,2/10/20,0.596825397
364,yellow,-30,31-73 B,HYRC,26.3,41.1,,2/10/20,0.639902676
635,blue,-60,31-73 B,HYRC,21.8,31.6,,2/10/20,0.689873418
294,yellow,-30,31-73 B,HYRC,30.5,43.8,,2/10/20,0.696347032
753,green,-40,31-73 B,HYRC,29.7,41.8,,2/10/20,0.710526316
474,green,-40,31-73 B,HYRC,19.6,26.2,,2/10/20,0.748091603
803,blue,-60,31-73 B,HYRC,27.1,35.8,,2/10/20,0.75698324
762,green,-80,31-73 B,HYRC,31,40.3,,2/10/20,0.769230769
756,green,-40,31-73 B,HYRC,37.9,48.8,,2/10/20,0.776639344
387,green,-80,31-73 B,HYRC,25.7,33,,2/10/20,0.778787879
283,yellow,-30,31-73 B,HYRC,20.9,24.6,,2/10/20,0.849593496
70,red,4,31-73 C,HYRC,20.1,43.4,75.2,2/10/20,0.463133641
116,red,-10,31-73 C,HYRC,24.5,52.3,,2/10/20,0.468451243
128,red,-10,31-73 C,HYRC,19,38,,2/10/20,0.5
84,red,4,31-73 C,HYRC,23.9,46.9,96.8,2/10/20,0.509594883
141,orange,-20,31-73 C,HYRC,24.1,46.8,,2/10/20,0.514957265
110,red,4,31-73 C,HYRC,20.2,38.7,81.2,2/10/20,0.521963824
323,yellow,-30,31-73 C,HYRC,23.9,43.7,,2/10/20,0.546910755
103,red,-10,31-73 C,HYRC,23.5,42.1,,2/10/20,0.558194774
276,yellow,-30,31-73 C,HYRC,24.4,42.1,,2/10/20,0.579572447
248,orange,-20,31-73 C,HYRC,24.1,38.7,,2/10/20,0.622739018
602,blue,-60,31-73 C,HYRC,26.8,41.5,,2/10/20,0.645783133
261,yellow,-30,31-73 C,HYRC,23.3,36,,2/10/20,0.647222222
232,orange,-20,31-73 C,HYRC,20.1,30.1,,2/10/20,0.667774086
524,blue,-60,31-73 C,HYRC,27.4,40.9,,2/10/20,0.66992665
630,blue,-60,31-73 C,HYRC,28.8,41.8,,2/10/20,0.688995215
617,blue,-80,31-73 C,HYRC,52.8,75.4,,2/10/20,0.700265252
483,green,-40,31-73 C,HYRC,28.5,37.6,,2/10/20,0.757978723
473,green,-40,31-73 C,HYRC,38.5,50.2,,2/10/20,0.766932271
625,blue,-80,31-73 C,HYRC,23.7,30.6,,2/10/20,0.774509804
499,green,-40,31-73 C,HYRC,39.3,49.2,,2/10/20,0.798780488
639,blue,-80,31-73 C,HYRC,36.7,32.5,,2/10/20,1.129230769
86,red,4,316-97 A,TEGM,9.4,32.1,58.2,2/10/20,0.292834891
65,red,4,316-97 A,TEGM,14.3,48.4,88.1,2/10/20,0.295454545
92,red,4,316-97 A,TEGM,12.4,39,77.3,2/10/20,0.317948718
64,red,-10,316-97 A,TEGM,13.1,35.7,,2/10/20,0.366946779
25,red,-10,316-97 A,TEGM,11.6,30.4,,2/10/20,0.381578947
66,red,-10,316-97 A,TEGM,12.7,28,,2/10/20,0.453571429
247,orange,-20,316-97 A,TEGM,25.1,45.4,,2/10/20,0.552863436
337,yellow,-30,316-97 A,TEGM,36.3,62.6,,2/10/20,0.579872204
596,blue,-80,316-97 A,TEGM,22.5,37.7,,2/10/20,0.596816976
230,orange,-20,316-97 A,TEGM,29.2,45.7,,2/10/20,0.638949672
572,blue,-80,316-97 A,TEGM,33,51.4,,2/10/20,0.642023346
523,blue,-60,316-97 A,TEGM,37.4,58.2,,2/10/20,0.642611684
314,yellow,-30,316-97 A,TEGM,19.3,30,,2/10/20,0.643333333
579,blue,-80,316-97 A,TEGM,38.9,59.9,,2/10/20,0.649415693
220,orange,-20,316-97 A,TEGM,42.1,61.2,,2/10/20,0.687908497
544,blue,-60,316-97 A,TEGM,22.3,32.1,,2/10/20,0.69470405
287,yellow,-30,316-97 A,TEGM,23.8,32.8,,2/10/20,0.725609756
464,green,-40,316-97 A,TEGM,40.5,55.7,,2/10/20,0.727109515
599,blue,-60,316-97 A,TEGM,35.6,48.8,,2/10/20,0.729508197
444,green,-40,316-97 A,TEGM,52.2,64.9,,2/10/20,0.80431433
478,green,-40,316-97 A,TEGM,48.3,58.2,,2/10/20,0.829896907
51,red,4,316-97 B,TEGM,19.5,63.8,106.8,2/10/20,0.305642633
56,red,-10,316-97 B,TEGM,24.1,64.8,,2/10/20,0.37191358
40,red,4,316-97 B,TEGM,26.6,67.9,117.2,2/10/20,0.391752577
60,red,4,316-97 B,TEGM,26.1,64.5,112.4,2/10/20,0.404651163
61,red,-10,316-97 B,TEGM,28.6,68.3,,2/10/20,0.418740849
81,red,-10,316-97 B,TEGM,25.6,51.3,,2/10/20,0.499025341
205,orange,-20,316-97 B,TEGM,34.1,65.8,,2/10/20,0.518237082
244,orange,-20,316-97 B,TEGM,32,56.5,,2/10/20,0.566371681
373,yellow,-30,316-97 B,TEGM,49.6,85.6,,2/10/20,0.579439252
341,yellow,-30,316-97 B,TEGM,45.9,74.2,,2/10/20,0.618598383
546,blue,-80,316-97 B,TEGM,45.7,65.9,,2/10/20,0.693474962
303,yellow,-30,316-97 B,TEGM,44.5,63.6,,2/10/20,0.699685535
442,green,-40,316-97 B,TEGM,61.6,85.5,,2/10/20,0.720467836
243,orange,-20,316-97 B,TEGM,45,62.2,,2/10/20,0.723472669
401,green,-40,316-97 B,TEGM,57.8,79.4,,2/10/20,0.727959698
562,blue,-80,316-97 B,TEGM,47.6,62.4,,2/10/20,0.762820513
600,blue,-60,316-97 B,TEGM,42.6,55.8,,2/10/20,0.76344086
580,blue,-60,316-97 B,TEGM,56,73.3,,2/10/20,0.763983629
590,blue,-60,316-97 B,TEGM,77.7,101.5,,2/10/20,0.765517241
396,green,-40,316-97 B,TEGM,42.3,55.1,,2/10/20,0.7676951
521,blue,-80,316-97 B,TEGM,56.6,73.5,,2/10/20,0.770068027
82,red,4,33-95 B,TEGM,11.1,55.1,94.5,2/10/20,0.201451906
93,red,4,33-95 B,TEGM,11.6,46.2,90.4,2/10/20,0.251082251
87,red,4,33-95 B,TEGM,12.7,38.6,75,2/10/20,0.329015544
49,red,-10,33-95 B,TEGM,21.6,62.9,,2/10/20,0.343402226
54,red,-10,33-95 B,TEGM,24.7,59.6,,2/10/20,0.41442953
71,red,-10,33-95 B,TEGM,24.1,54.1,,2/10/20,0.445471349
221,orange,-20,33-95 B,TEGM,38.4,69.6,,2/10/20,0.551724138
319,yellow,-30,33-95 B,TEGM,42.8,75,,2/10/20,0.570666667
140,orange,-20,33-95 B,TEGM,31.8,50.7,,2/10/20,0.627218935
138,orange,-20,33-95 B,TEGM,45.3,70.6,,2/10/20,0.641643059
591,blue,-60,33-95 B,TEGM,61,91.1,,2/10/20,0.669593853
301,yellow,-30,33-95 B,TEGM,42.1,62.8,,2/10/20,0.670382166
324,yellow,-30,33-95 B,TEGM,46.5,69.3,,2/10/20,0.670995671
571,blue,-60,33-95 B,TEGM,52.5,76,,2/10/20,0.690789474
612,blue,-80,33-95 B,TEGM,50.8,72.7,,2/10/20,0.698762036
583,blue,-60,33-95 B,TEGM,64.1,88.2,,2/10/20,0.72675737
587,blue,-80,33-95 B,TEGM,40.7,55.9,,2/10/20,0.728085868
620,blue,-80,33-95 B,TEGM,69,94.6,,2/10/20,0.729386892
402,green,-40,33-95 B,TEGM,43.7,59.9,,2/10/20,0.729549249
482,green,-40,33-95 B,TEGM,59.7,78,,2/10/20,0.765384615
462,green,-40,33-95 B,TEGM,62.2,80.6,,2/10/20,0.771712159
225,orange,4,379-2007 A,CAMP,19.2,42.2,66.6,2/10/20,0.454976303
203,orange,4,379-2007 A,CAMP,20.2,42.7,70,2/10/20,0.473067916
642,red,-10,379-2007 A,CAMP,23.8,47.7,,2/10/20,0.498951782
670,red,-10,379-2007 A,CAMP,26.1,51.8,,2/10/20,0.503861004
686,red,-10,379-2007 A,CAMP,19.2,37.2,,2/10/20,0.516129032
195,orange,4,379-2007 A,CAMP,22.6,38.7,74,2/10/20,0.583979328
157,orange,-20,379-2007 A,CAMP,31.2,52.9,,2/10/20,0.58979206
795,blue,-60,379-2007 A,CAMP,30.7,49.3,,2/10/20,0.622718053
168,orange,-20,379-2007 A,CAMP,31.8,50,,2/10/20,0.636
151,orange,-20,379-2007 A,CAMP,37.7,54.2,,2/10/20,0.695571956
269,yellow,-30,379-2007 A,CAMP,42.5,57.4,,2/10/20,0.740418118
352,yellow,-30,379-2007 A,CAMP,42.5,55.9,,2/10/20,0.760286225
429,green,-80,379-2007 A,CAMP,44.2,56.3,,2/10/20,0.785079929
343,yellow,-30,379-2007 A,CAMP,39.1,49.4,,2/10/20,0.791497976
805,blue,-60,379-2007 A,CAMP,44.1,55.6,,2/10/20,0.793165468
416,green,-40,379-2007 A,CAMP,39.8,49.3,,2/10/20,0.807302231
812,blue,-60,379-2007 A,CAMP,29.2,34.4,,2/10/20,0.848837209
445,green,-80,379-2007 A,CAMP,42.5,49.7,,2/10/20,0.855130785
397,green,-40,379-2007 A,CAMP,39.3,45.6,,2/10/20,0.861842105
504,green,-40,379-2007 A,CAMP,40.5,46.6,,2/10/20,0.869098712
442,green,-80,379-2007 A,CAMP,41.5,43.7,,2/10/20,0.949656751
692,orange,4,435-84 A,CAUD,12.1,68.9,104.6,2/10/20,0.175616836
695,orange,4,435-84 A,CAUD,14.6,76.9,128.6,2/10/20,0.189856957
127,red,-10,435-84 A,CAUD,14.4,63.2,,2/10/20,0.227848101
115,red,-10,435-84 A,CAUD,21.6,82.3,,2/10/20,0.262454435
644,red,-10,435-84 A,CAUD,16.6,62.9,,2/10/20,0.26391097
699,orange,-20,435-84 A,CAUD,33.8,68.4,,2/10/20,0.494152047
182,orange,-20,435-84 A,CAUD,30.5,53.3,,2/10/20,0.572232645
688,orange,-20,435-84 A,CAUD,54.9,93.6,,2/10/20,0.586538462
165,orange,4,435-84 A,CAUD,31.1,52.5,81.6,2/10/20,0.592380952
809,blue,-60,435-84 A,CAUD,47.8,67.4,,2/10/20,0.709198813
318,yellow,-30,435-84 A,CAUD,56.1,78,,2/10/20,0.719230769
345,yellow,-30,435-84 A,CAUD,64,87.2,,2/10/20,0.733944954
810,blue,-60,435-84 A,CAUD,48.6,63.2,,2/10/20,0.768987342
773,green,-40,435-84 A,CAUD,74.2,95.1,,2/10/20,0.780231335
737,green,-80,435-84 A,CAUD,45.3,57.4,,2/10/20,0.789198606
376,yellow,-30,435-84 A,CAUD,46.6,57.1,,2/10/20,0.816112084
420,green,-40,435-84 A,CAUD,51.2,61.5,,2/10/20,0.832520325
743,green,-80,435-84 A,CAUD,62.1,73.8,,2/10/20,0.841463415
415,green,-80,435-84 A,CAUD,47.9,55.7,,2/10/20,0.859964093
547,blue,-60,435-84 A,CAUD,61,70.8,,2/10/20,0.861581921
769,green,-40,435-84 A,CAUD,59.3,67.6,,2/10/20,0.877218935
42,red,4,435-84 B,CAUD,7.5,31.7,46.6,2/10/20,0.23659306
45,red,4,435-84 B,CAUD,15,55.1,106.6,2/10/20,0.272232305
99,red,-10,435-84 B,CAUD,15.2,50.8,,2/10/20,0.299212598
98,red,4,435-84 B,CAUD,8.3,24.1,79.2,2/10/20,0.34439834
94,red,-10,435-84 B,CAUD,12.4,28.2,,2/10/20,0.439716312
340,yellow,-30,435-84 B,CAUD,23.2,46.1,,2/10/20,0.503253796
305,yellow,-30,435-84 B,CAUD,25.9,40.7,,2/10/20,0.636363636
149,orange,-20,435-84 B,CAUD,46.4,67.3,,2/10/20,0.689450223
631,blue,-80,435-84 B,CAUD,36,47.2,,2/10/20,0.762711864
150,orange,-20,435-84 B,CAUD,32.3,41.3,,2/10/20,0.782082324
145,orange,-20,435-84 B,CAUD,33.5,42.6,,2/10/20,0.786384977
479,green,-40,435-84 B,CAUD,39,47.7,,2/10/20,0.817610063
332,yellow,-30,435-84 B,CAUD,38.4,45.4,,2/10/20,0.845814978
574,blue,-80,435-84 B,CAUD,44.9,52.2,,2/10/20,0.860153257
548,blue,-60,435-84 B,CAUD,35.8,41.1,,2/10/20,0.871046229
577,blue,-60,435-84 B,CAUD,32.1,36.8,,2/10/20,0.872282609
385,green,-40,435-84 B,CAUD,43.2,48.3,,2/10/20,0.894409938
518,blue,-60,435-84 B,CAUD,41.7,46.4,,2/10/20,0.898706897
542,blue,-80,435-84 B,CAUD,46,50.6,,2/10/20,0.909090909
406,green,-40,435-84 B,CAUD,38,41.4,,2/10/20,0.917874396
39,red,-10,435-84 B,CAUD,39.8,32,,2/10/20,1.24375
693,orange,4,435-84 C,CAUD,6.1,29.3,44.5,2/10/20,0.208191126
215,orange,4,435-84 C,CAUD,17.5,73.9,104.3,2/10/20,0.236806495
186,orange,4,435-84 C,CAUD,15.8,63,115.2,2/10/20,0.250793651
653,red,-10,435-84 C,CAUD,13.7,52.5,,2/10/20,0.260952381
649,red,-10,435-84 C,CAUD,13,40.4,,2/10/20,0.321782178
669,red,-10,435-84 C,CAUD,18.8,53.4,,2/10/20,0.352059925
700,orange,-20,435-84 C,CAUD,31.8,59.4,,2/10/20,0.535353535
705,orange,-20,435-84 C,CAUD,35.5,65.2,,2/10/20,0.544478528
691,orange,-20,435-84 C,CAUD,15.8,27.7,,2/10/20,0.570397112
325,yellow,-30,435-84 C,CAUD,24,38.2,,2/10/20,0.628272251
295,yellow,-30,435-84 C,CAUD,53.4,80.1,,2/10/20,0.666666667
356,yellow,-30,435-84 C,CAUD,30.4,43.2,,2/10/20,0.703703704
745,green,-80,435-84 C,CAUD,30.7,43.6,,2/10/20,0.70412844
568,blue,-60,435-84 C,CAUD,59.4,83.7,,2/10/20,0.709677419
754,green,-40,435-84 C,CAUD,77,108.1,,2/10/20,0.712303423
752,green,-40,435-84 C,CAUD,45.1,62.7,,2/10/20,0.719298246
734,green,-80,435-84 C,CAUD,60.3,82.7,,2/10/20,0.729141475
637,blue,-60,435-84 C,CAUD,37.7,47.5,,2/10/20,0.793684211
746,green,-80,435-84 C,CAUD,27.6,34.6,,2/10/20,0.797687861
508,green,-40,435-84 C,CAUD,39.7,49.3,,2/10/20,0.805273834
799,blue,-60,435-84 C,CAUD,48.6,51.9,,2/10/20,0.936416185
111,red,4,524-2009 A,RUBR,21.8,55.5,114,2/10/20,0.392792793
117,red,4,524-2009 A,RUBR,21.2,48.9,106,2/10/20,0.433537832
114,red,-10,524-2009 A,RUBR,22.5,49.8,,2/10/20,0.451807229
101,red,4,524-2009 A,RUBR,17.2,35.9,90.5,2/10/20,0.479108635
108,red,-10,524-2009 A,RUBR,23.1,45.7,,2/10/20,0.50547046
240,orange,-20,524-2009 A,RUBR,25.4,48.3,,2/10/20,0.525879917
241,orange,-20,524-2009 A,RUBR,25.1,44.5,,2/10/20,0.564044944
109,red,-10,524-2009 A,RUBR,27,44.5,,2/10/20,0.606741573
142,orange,-20,524-2009 A,RUBR,41.2,66.9,,2/10/20,0.615844544
262,yellow,-30,524-2009 A,RUBR,48.9,78.5,,2/10/20,0.622929936
627,blue,-60,524-2009 A,RUBR,46.1,73,,2/10/20,0.631506849
618,blue,-60,524-2009 A,RUBR,40.6,60.6,,2/10/20,0.669966997
614,blue,-80,524-2009 A,RUBR,43.6,64.4,,2/10/20,0.677018634
273,yellow,-30,524-2009 A,RUBR,33.4,49.3,,2/10/20,0.677484787
346,yellow,-30,524-2009 A,RUBR,55,80.4,,2/10/20,0.684079602
539,blue,-60,524-2009 A,RUBR,49.7,70.9,,2/10/20,0.700987306
468,green,-40,524-2009 A,RUBR,46.3,64.2,,2/10/20,0.721183801
496,green,-40,524-2009 A,RUBR,56.1,75.9,,2/10/20,0.739130435
615,blue,-80,524-2009 A,RUBR,40.5,53.3,,2/10/20,0.759849906
601,blue,-80,524-2009 A,RUBR,47.5,60.7,,2/10/20,0.782537068
452,green,-40,524-2009 A,RUBR,44.3,56.3,,2/10/20,0.786856128
727,orange,4,530-2008 A,SACC,16.7,59.6,138.7,2/10/20,0.280201342
648,red,-10,530-2008 A,SACC,11.8,38.3,,2/10/20,0.308093995
722,orange,4,530-2008 A,SACC,11.4,36.9,121.4,2/10/20,0.308943089
711,orange,-20,530-2008 A,SACC,15.4,47.1,,2/10/20,0.326963907
713,orange,4,530-2008 A,SACC,14.9,45.3,103.3,2/10/20,0.328918322
697,orange,-20,530-2008 A,SACC,13.2,39.9,,2/10/20,0.330827068
712,orange,-20,530-2008 A,SACC,25.8,73.8,,2/10/20,0.349593496
650,red,-10,530-2008 A,SACC,20.1,56.8,,2/10/20,0.353873239
665,red,-10,530-2008 A,SACC,18.7,52.8,,2/10/20,0.354166667
327,yellow,-30,530-2008 A,SACC,30.9,77,,2/10/20,0.401298701
290,yellow,-30,530-2008 A,SACC,16.2,39.9,,2/10/20,0.406015038
342,yellow,-30,530-2008 A,SACC,23.9,53.8,,2/10/20,0.444237918
438,green,-80,530-2008 A,SACC,34.1,68.3,,2/10/20,0.499267936
765,green,-40,530-2008 A,SACC,55.2,93.3,,2/10/20,0.591639871
735,green,-80,530-2008 A,SACC,47.3,77.2,,2/10/20,0.612694301
740,green,-40,530-2008 A,SACC,54.9,88.3,,2/10/20,0.621744054
758,green,-80,530-2008 A,SACC,28.6,45.8,,2/10/20,0.624454148
607,blue,-60,530-2008 A,SACC,46.6,72.1,,2/10/20,0.646324549
419,green,-40,530-2008 A,SACC,33.8,52.1,,2/10/20,0.648752399
789,blue,-60,530-2008 A,SACC,30.8,47.1,,2/10/20,0.653927813
604,blue,-60,530-2008 A,SACC,31.1,46.7,,2/10/20,0.665952891
95,red,4,567-2008 B,RUBR,10.5,30.8,68.1,2/10/20,0.340909091
97,red,4,567-2008 B,RUBR,11.8,32.5,71.4,2/10/20,0.363076923
89,red,4,567-2008 B,RUBR,11.4,27.8,68.1,2/10/20,0.410071942
72,red,-10,567-2008 B,RUBR,16.2,32.4,,2/10/20,0.5
122,red,-10,567-2008 B,RUBR,11.2,22.2,,2/10/20,0.504504505
52,red,-10,567-2008 B,RUBR,12.4,24.2,,2/10/20,0.512396694
146,orange,-20,567-2008 B,RUBR,15.1,25.9,,2/10/20,0.583011583
597,blue,-80,567-2008 B,RUBR,14.8,24.2,,2/10/20,0.611570248
611,blue,-80,567-2008 B,RUBR,19.3,31.5,,2/10/20,0.612698413
148,orange,-20,567-2008 B,RUBR,19.1,30.2,,2/10/20,0.632450331
169,orange,-20,567-2008 B,RUBR,26.5,41,,2/10/20,0.646341463
622,blue,-80,567-2008 B,RUBR,37.5,52.7,,2/10/20,0.711574953
393,green,-40,567-2008 B,RUBR,27.4,38.4,,2/10/20,0.713541667
348,yellow,-30,567-2008 B,RUBR,27.8,38.9,,2/10/20,0.714652956
576,blue,-60,567-2008 B,RUBR,41,56.4,,2/10/20,0.726950355
321,yellow,-30,567-2008 B,RUBR,36,49.3,,2/10/20,0.730223124
344,yellow,-30,567-2008 B,RUBR,36.1,48.6,,2/10/20,0.742798354
400,green,-40,567-2008 B,RUBR,43.6,58.2,,2/10/20,0.749140893
570,blue,-60,567-2008 B,RUBR,31.1,40.8,,2/10/20,0.762254902
463,green,-40,567-2008 B,RUBR,24.9,31.8,,2/10/20,0.783018868
582,blue,-60,567-2008 B,RUBR,39.5,49.9,,2/10/20,0.791583166
119,red,4,603-2008 A,SPIC,14.4,59.4,100.7,2/10/20,0.242424242
19,red,4,603-2008 A,SPIC,17.7,72.3,124.6,2/10/20,0.244813278
123,red,4,603-2008 A,SPIC,19.9,80.6,139.9,2/10/20,0.246898263
85,red,-10,603-2008 A,SPIC,14.3,45.8,,2/10/20,0.312227074
90,red,-10,603-2008 A,SPIC,25.3,78,,2/10/20,0.324358974
21,red,-10,603-2008 A,SPIC,26.4,79,,2/10/20,0.334177215
223,orange,-20,603-2008 A,SPIC,23.7,53,,2/10/20,0.447169811
211,orange,-20,603-2008 A,SPIC,45.3,87,,2/10/20,0.520689655
553,blue,-80,603-2008 A,SPIC,29.7,52.5,,2/10/20,0.565714286
289,yellow,-30,603-2008 A,SPIC,45.3,77.6,,2/10/20,0.583762887
263,yellow,-30,603-2008 A,SPIC,45.3,76.5,,2/10/20,0.592156863
534,blue,-80,603-2008 A,SPIC,40.3,67.8,,2/10/20,0.59439528
264,yellow,-30,603-2008 A,SPIC,54.6,89,,2/10/20,0.613483146
246,orange,-20,603-2008 A,SPIC,58.7,95,,2/10/20,0.617894737
632,blue,-80,603-2008 A,SPIC,56.6,87.2,,2/10/20,0.649082569
633,blue,-60,603-2008 A,SPIC,65.6,99.3,,2/10/20,0.660624371
621,blue,-60,603-2008 A,SPIC,58,84.5,,2/10/20,0.686390533
453,green,-40,603-2008 A,SPIC,61.9,86.8,,2/10/20,0.713133641
490,green,-40,603-2008 A,SPIC,33.9,46.7,,2/10/20,0.725910064
513,blue,-60,603-2008 A,SPIC,60.1,79,,2/10/20,0.760759494
403,green,-40,603-2008 A,SPIC,68.9,87.6,,2/10/20,0.78652968
728,orange,4,666-94 A,DAVI,12.4,47.6,83.6,2/10/20,0.260504202
717,orange,4,666-94 A,DAVI,12,45.9,81.6,2/10/20,0.261437908
678,red,-10,666-94 A,DAVI,8,28.4,,2/10/20,0.281690141
676,red,-10,666-94 A,DAVI,13.3,44.9,,2/10/20,0.296213808
654,red,-10,666-94 A,DAVI,14.6,46.3,,2/10/20,0.315334773
721,orange,4,666-94 A,DAVI,13.8,41.7,74.5,2/10/20,0.330935252
771,green,-80,666-94 A,DAVI,29,51.8,,2/10/20,0.55984556
719,orange,-20,666-94 A,DAVI,35.4,62.5,,2/10/20,0.5664
723,orange,-20,666-94 A,DAVI,33.3,56,,2/10/20,0.594642857
731,orange,-20,666-94 A,DAVI,32.4,52.6,,2/10/20,0.615969582
296,yellow,-30,666-94 A,DAVI,27.1,41.9,,2/10/20,0.646778043
317,yellow,-30,666-94 A,DAVI,38.9,58.5,,2/10/20,0.664957265
425,green,-40,666-94 A,DAVI,51.8,74.8,,2/10/20,0.692513369
816,blue,-60,666-94 A,DAVI,39.1,54.8,,2/10/20,0.71350365
328,yellow,-30,666-94 A,DAVI,28.1,37.3,,2/10/20,0.753351206
764,green,-40,666-94 A,DAVI,41.5,54.5,,2/10/20,0.76146789
806,blue,-60,666-94 A,DAVI,53.7,67,,2/10/20,0.801492537
744,green,-40,666-94 A,DAVI,46.2,57.3,,2/10/20,0.806282723
770,green,-80,666-94 A,DAVI,48.1,59.2,,2/10/20,0.8125
507,green,-80,666-94 A,DAVI,29.8,36.5,,2/10/20,0.816438356
791,blue,-60,666-94 A,DAVI,55.3,51.6,,2/10/20,1.071705426
715,orange,4,699-89 A,CAMP,13.7,47,81.4,2/10/20,0.291489362
726,orange,4,699-89 A,CAMP,18.3,60,138.3,2/10/20,0.305
662,red,-10,699-89 A,CAMP,23,66.6,,2/10/20,0.345345345
710,orange,4,699-89 A,CAMP,14.9,40.8,89.2,2/10/20,0.365196078
661,red,-10,699-89 A,CAMP,12.8,33.7,,2/10/20,0.379821958
121,red,-10,699-89 A,CAMP,23.9,60.9,,2/10/20,0.392446634
155,orange,-20,699-89 A,CAMP,36,73.2,,2/10/20,0.491803279
707,orange,-20,699-89 A,CAMP,26.2,49.9,,2/10/20,0.5250501
716,orange,-20,699-89 A,CAMP,23.7,44.9,,2/10/20,0.527839644
284,yellow,-30,699-89 A,CAMP,34.7,64.2,,2/10/20,0.540498442
365,yellow,-30,699-89 A,CAMP,33.2,55.7,,2/10/20,0.596050269
796,blue,-60,699-89 A,CAMP,23.6,39,,2/10/20,0.605128205
750,green,-80,699-89 A,CAMP,44.8,73.3,,2/10/20,0.611186903
748,green,-40,699-89 A,CAMP,46.8,76,,2/10/20,0.615789474
605,blue,-60,699-89 A,CAMP,42.8,66.5,,2/10/20,0.643609023
766,green,-40,699-89 A,CAMP,39.1,60.7,,2/10/20,0.644151565
747,green,-80,699-89 A,CAMP,43,66.6,,2/10/20,0.645645646
360,yellow,-30,699-89 A,CAMP,48.9,75.7,,2/10/20,0.645970938
761,green,-80,699-89 A,CAMP,40.2,59.6,,2/10/20,0.674496644
768,green,-40,699-89 A,CAMP,52,76.8,,2/10/20,0.677083333
800,blue,-60,699-89 A,CAMP,30.7,45.3,,2/10/20,0.677704194
226,orange,4,750-55 B,PSEP,30.1,138.5,273.5,2/10/20,0.21732852
687,red,-10,750-55 B,PSEP,30.2,126.4,,2/10/20,0.238924051
227,orange,4,750-55 B,PSEP,30.2,125,211.6,2/10/20,0.2416
165,orange,4,750-55 B,PSEP,29.3,108.2,248.5,2/10/20,0.270794824
683,red,-10,750-55 B,PSEP,32.3,115.5,,2/10/20,0.27965368
685,red,-10,750-55 B,PSEP,36.1,123.3,,2/10/20,0.292781833
489,green,-80,750-55 B,PSEP,51.9,141,,2/10/20,0.368085106
412,green,-80,750-55 B,PSEP,46.9,127.2,,2/10/20,0.368710692
200,orange,-20,750-55 B,PSEP,51.1,115.4,,2/10/20,0.442807626
160,orange,-20,750-55 B,PSEP,48.4,98.7,,2/10/20,0.490374873
161,orange,-20,750-55 B,PSEP,61,121.8,,2/10/20,0.500821018
798,blue,-60,750-55 B,PSEP,91.5,147.3,,2/10/20,0.621181263
377,yellow,-30,750-55 B,PSEP,120.5,192.8,,2/10/20,0.625
501,green,-40,750-55 B,PSEP,95.7,151.9,,2/10/20,0.63001975
331,yellow,-30,750-55 B,PSEP,74.3,117.6,,2/10/20,0.631802721
388,green,-80,750-55 B,PSEP,95.5,144.4,,2/10/20,0.661357341
486,green,-40,750-55 B,PSEP,94.5,136.2,,2/10/20,0.693832599
437,green,-40,750-55 B,PSEP,110,153.7,,2/10/20,0.715679896
278,yellow,-30,750-55 B,PSEP,87.9,108.4,,2/10/20,0.810885609
794,blue,-60,750-55 B,PSEP,70.6,51.5,,2/10/20,1.370873786
797,blue,-60,750-55 B,PSEP,104.4,54.6,,2/10/20,1.912087912
698,orange,4,78-2000 B,TATA,14.7,43.9,80.7,2/10/20,0.334851936
702,orange,4,78-2000 B,TATA,20.6,60.8,105.7,2/10/20,0.338815789
664,red,-10,78-2000 B,TATA,18.6,52.8,,2/10/20,0.352272727
643,red,-10,78-2000 B,TATA,20.3,55.6,,2/10/20,0.365107914
724,orange,-20,78-2000 B,TATA,18.2,48.7,,2/10/20,0.373716632
112,red,-10,78-2000 B,TATA,23.2,61,,2/10/20,0.380327869
701,orange,4,78-2000 B,TATA,14.4,37,64.8,2/10/20,0.389189189
729,orange,-20,78-2000 B,TATA,22,53.4,,2/10/20,0.411985019
714,orange,-20,78-2000 B,TATA,19.6,43,,2/10/20,0.455813953
379,yellow,-30,78-2000 B,TATA,24.7,41.8,,2/10/20,0.590909091
733,green,-80,78-2000 B,TATA,30.2,47.4,,2/10/20,0.637130802
759,green,-40,78-2000 B,TATA,36.7,55.2,,2/10/20,0.664855072
774,blue,-60,78-2000 B,TATA,39.4,59,,2/10/20,0.66779661
814,blue,-60,78-2000 B,TATA,31.9,47.7,,2/10/20,0.668763103
374,yellow,-30,78-2000 B,TATA,31.4,46.1,,2/10/20,0.681127983
751,green,-40,78-2000 B,TATA,37.1,53.5,,2/10/20,0.693457944
742,green,-80,78-2000 B,TATA,43.6,62.7,,2/10/20,0.695374801
763,green,-40,78-2000 B,TATA,32,45.1,,2/10/20,0.709534368
378,yellow,-30,78-2000 B,TATA,32,45,,2/10/20,0.711111111
736,green,-80,78-2000 B,TATA,33.2,46.6,,2/10/20,0.712446352
777,blue,-60,78-2000 B,TATA,34.7,41.3,,2/10/20,0.840193705
76,red,4,Weld1,PLAT,20.7,50.7,81.2,2/10/20,0.408284024
96,red,4,Weld1,PLAT,26.6,63,NA,2/10/20,0.422222222
79,red,-10,Weld1,PLAT,29.3,64,,2/10/20,0.4578125
23,red,-10,Weld1,PLAT,25.4,52.8,,2/10/20,0.481060606
35,red,-10,Weld1,PLAT,27.4,55.8,,2/10/20,0.491039427
489,green,-40,Weld1,PLAT,47.7,90.8,,2/10/20,0.525330396
231,orange,-20,Weld1,PLAT,31.4,53.9,,2/10/20,0.582560297
137,orange,-20,Weld1,PLAT,50.4,77.1,,2/10/20,0.653696498
274,yellow,-30,Weld1,PLAT,39.6,60.3,,2/10/20,0.656716418
329,yellow,-30,Weld1,PLAT,40,60.2,,2/10/20,0.664451827
275,yellow,-30,Weld1,PLAT,49.8,73.9,,2/10/20,0.673883627
527,blue,-80,Weld1,PLAT,52.9,63.4,,2/10/20,0.834384858
516,blue,-80,Weld1,PLAT,50.3,59.8,,2/10/20,0.841137124
541,blue,-60,Weld1,PLAT,52,61,,2/10/20,0.852459016
532,blue,-60,Weld1,PLAT,47.6,55.6,,2/10/20,0.856115108
537,blue,-60,Weld1,PLAT,59,66,,2/10/20,0.893939394
471,green,-40,Weld1,PLAT,60.7,67.1,,2/10/20,0.90461997
410,green,-40,Weld1,PLAT,57.4,62.8,,2/10/20,0.914012739
556,blue,-80,Weld1,PLAT,56.3,59.7,,2/10/20,0.943048576
135,orange,-20,Weld1,PLAT,37.7,28.2,,2/10/20,1.336879433
8,red,4,Weld1,PLAT,NA,48.4,74.7,2/10/20,#VALUE!
647,red,-10,Weld2,PLAT,16.3,44.5,,2/10/20,0.366292135
156,orange,4,Weld2,PLAT,31.3,84.5,140.1,2/10/20,0.370414201
249,orange,4,Weld2,PLAT,18.6,49.4,88.1,2/10/20,0.376518219
254,orange,4,Weld2,PLAT,18.8,43.7,77,2/10/20,0.43020595
663,red,-10,Weld2,PLAT,14.6,33.1,,2/10/20,0.441087613
656,red,-10,Weld2,PLAT,36.1,78.5,,2/10/20,0.459872611
255,orange,-20,Weld2,PLAT,23.7,43.7,,2/10/20,0.542334096
238,orange,-20,Weld2,PLAT,27.2,49.2,,2/10/20,0.552845528
178,orange,-20,Weld2,PLAT,54.9,95.2,,2/10/20,0.576680672
279,yellow,-30,Weld2,PLAT,39,60.9,,2/10/20,0.640394089
368,yellow,-30,Weld2,PLAT,74.6,111,,2/10/20,0.672072072
808,blue,-60,Weld2,PLAT,69,98.8,,2/10/20,0.698380567
392,green,-40,Weld2,PLAT,76.9,109,,2/10/20,0.705504587
454,green,-80,Weld2,PLAT,38.3,53.5,,2/10/20,0.71588785
634,blue,-60,Weld2,PLAT,64.5,89.5,,2/10/20,0.720670391
336,yellow,-30,Weld2,PLAT,32.9,45.3,,2/10/20,0.726269316
476,green,-40,Weld2,PLAT,38.7,52.3,,2/10/20,0.739961759
505,green,-80,Weld2,PLAT,30.5,41,,2/10/20,0.743902439
393,green,-80,Weld2,PLAT,64.9,84.5,,2/10/20,0.768047337
815,blue,-60,Weld2,PLAT,35.2,45.3,,2/10/20,0.777041943
467,green,-40,Weld2,PLAT,45.5,57.4,,2/10/20,0.792682927
184,orange,4,Weld3,PLAT,26.1,71.5,136.7,2/10/20,0.365034965
162,orange,4,Weld3,PLAT,19,50.9,100.3,2/10/20,0.373280943
674,red,-10,Weld3,PLAT,26.9,67.8,,2/10/20,0.396755162
256,orange,4,Weld3,PLAT,21.2,50.7,94.8,2/10/20,0.418145957
679,red,-10,Weld3,PLAT,16.1,36.3,,2/10/20,0.443526171
675,red,-10,Weld3,PLAT,17.3,36.9,,2/10/20,0.468834688
213,orange,-20,Weld3,PLAT,26.4,54.6,,2/10/20,0.483516484
158,orange,-20,Weld3,PLAT,39.7,74.6,,2/10/20,0.532171582
781,blue,-60,Weld3,PLAT,33.7,60.9,,2/10/20,0.553366174
173,orange,-20,Weld3,PLAT,24,40,,2/10/20,0.6
272,yellow,-30,Weld3,PLAT,33.1,51.2,,2/10/20,0.646484375
315,yellow,-30,Weld3,PLAT,29.2,45.1,,2/10/20,0.647450111
335,yellow,-30,Weld3,PLAT,54.4,77.2,,2/10/20,0.704663212
459,green,-40,Weld3,PLAT,45,62,,2/10/20,0.725806452
512,green,-40,Weld3,PLAT,46.6,63.9,,2/10/20,0.729264476
434,green,-80,Weld3,PLAT,39,50.1,,2/10/20,0.778443114
475,green,-40,Weld3,PLAT,40.9,51.5,,2/10/20,0.794174757
470,green,-80,Weld3,PLAT,48.3,57.5,,2/10/20,0.84
428,green,-80,Weld3,PLAT,38.5,44.5,,2/10/20,0.865168539
783,blue,-60,Weld3,PLAT,36.9,42.2,,2/10/20,0.874407583
782,blue,-60,Weld3,PLAT,45.6,29.8,,2/10/20,1.530201342
61,red,4,PLAT,PLAT,34.4,107.1,154.2,2/3/20,0.321195145
86,red,4,PLAT,PLAT,18.7,57.7,88.9,2/3/20,0.324090121
74,red,4,PLAT,PLAT,35.8,109.2,161.3,2/3/20,0.327838828
147,orange,-10,PLAT,PLAT,42.2,113.1,165.3,2/3/20,0.373121132
344,yellow,-20,PLAT,PLAT,38.5,100.5,145.1,2/3/20,0.383084577
91,red,-80,PLAT,PLAT,37.3,97.2,141.4,2/3/20,0.383744856
149,orange,-10,PLAT,PLAT,32.4,80.1,115.8,2/3/20,0.404494382
148,orange,-10,PLAT,PLAT,39.1,96.1,142.5,2/3/20,0.406867846
355,yellow,-20,PLAT,PLAT,40.9,96.9,138.2,2/3/20,0.422084623
341,yellow,-20,PLAT,PLAT,45.1,106.4,149.2,2/3/20,0.42387218
421,green,-30,PLAT,PLAT,35.5,72.1,107.8,2/3/20,0.492371706
348,yellow,-50,PLAT,PLAT,29.1,58.1,85.2,2/3/20,0.500860585
414,green,-30,PLAT,PLAT,52.9,99,138.4,2/3/20,0.534343434
423,green,-30,PLAT,PLAT,39.4,73,110.1,2/3/20,0.539726027
135,orange,-70,PLAT,PLAT,55.2,85.3,127.7,2/3/20,0.647127784
575,blue,-40,PLAT,PLAT,58.1,87.7,131.1,2/3/20,0.662485747
132,orange,-70,PLAT,PLAT,53.7,79.1,112.7,2/3/20,0.678887484
574,blue,-40,PLAT,PLAT,45.3,66.1,100.3,2/3/20,0.685325265
349,yellow,-50,PLAT,PLAT,52.8,76.8,113.8,2/3/20,0.6875
80,red,-80,PLAT,PLAT,46.8,64.1,92,2/3/20,0.730109204
137,orange,-70,PLAT,PLAT,78.6,100.9,137.1,2/3/20,0.778989098
573,blue,-40,PLAT,PLAT,57.3,72.2,106.7,2/3/20,0.793628809
306,yellow,-50,PLAT,PLAT,79.6,99.5,143,2/3/20,0.8
92,red,-80,PLAT,PLAT,93.8,116.5,159.8,2/3/20,0.805150215
98,red,4,RUBR,RUBR,8.9,39.2,71.5,2/3/20,0.227040816
97,red,4,RUBR,RUBR,14.1,60.7,99.8,2/3/20,0.232289951
150,orange,-10,RUBR,RUBR,14,55.5,80.9,2/3/20,0.252252252
87,red,4,RUBR,RUBR,10.1,38.8,61.4,2/3/20,0.260309278
172,orange,-10,RUBR,RUBR,11.1,40.1,69.9,2/3/20,0.27680798
169,orange,-10,RUBR,RUBR,11.1,34.7,62.1,2/3/20,0.319884726
133,orange,-70,RUBR,RUBR,20,57.9,88.3,2/3/20,0.345423143
314,yellow,-20,RUBR,RUBR,15.5,44.7,71.9,2/3/20,0.346756152
313,yellow,-20,RUBR,RUBR,18.6,49.3,76.9,2/3/20,0.377281947
398,green,-30,RUBR,RUBR,17,44.1,68.6,2/3/20,0.385487528
301,yellow,-20,RUBR,RUBR,20.8,50.1,85.2,2/3/20,0.415169661
572,blue,-40,RUBR,RUBR,16.2,38.4,63.4,2/3/20,0.421875
347,yellow,-50,RUBR,RUBR,17.6,41.5,63.1,2/3/20,0.424096386
396,green,-30,RUBR,RUBR,19.7,45.8,75.3,2/3/20,0.430131004
400,green,-30,RUBR,RUBR,24.4,55.9,93.7,2/3/20,0.436493739
94,red,-80,RUBR,RUBR,32.9,66,101.3,2/3/20,0.498484848
81,red,-80,RUBR,RUBR,34,66.2,114.2,2/3/20,0.513595166
93,red,-80,RUBR,RUBR,23.7,46,76.9,2/3/20,0.515217391
146,orange,-70,RUBR,RUBR,27.9,54,81.9,2/3/20,0.516666667
373,yellow,-50,RUBR,RUBR,49.1,94.2,148.2,2/3/20,0.521231423
570,blue,-40,RUBR,RUBR,33.3,63.4,107.7,2/3/20,0.525236593
134,orange,-70,RUBR,RUBR,36.8,67.8,109,2/3/20,0.542772861
305,yellow,-50,RUBR,RUBR,22.2,39.3,63.3,2/3/20,0.564885496
571,blue,-40,RUBR,RUBR,38.7,62.5,95.2,2/3/20,0.6192
66,red,4,SACC,SACC,16.5,80.1,146.3,2/3/20,0.205992509
89,red,4,SACC,SACC,16.9,80.1,138.1,2/3/20,0.210986267
99,red,4,SACC,SACC,10.2,44.8,96.7,2/3/20,0.227678571
130,orange,-10,SACC,SACC,12.8,52.2,102.3,2/3/20,0.245210728
129,orange,-10,SACC,SACC,24.3,86.4,149.4,2/3/20,0.28125
145,orange,-10,SACC,SACC,24.3,86.4,153.5,2/3/20,0.28125
333,yellow,-20,SACC,SACC,41.5,134.1,214,2/3/20,0.309470544
332,yellow,-20,SACC,SACC,35,110.9,170,2/3/20,0.315599639
303,yellow,-20,SACC,SACC,20.6,55.4,97.6,2/3/20,0.371841155
477,green,-30,SACC,SACC,22.1,57.7,99,2/3/20,0.383015598
463,green,-30,SACC,SACC,27.8,70.8,128.3,2/3/20,0.392655367
478,green,-30,SACC,SACC,37.6,90.8,147.9,2/3/20,0.414096916
584,blue,-40,SACC,SACC,34.8,68.9,119.7,2/3/20,0.505079826
592,blue,-40,SACC,SACC,34.4,66.7,126.6,2/3/20,0.515742129
593,blue,-40,SACC,SACC,71.6,136.8,217.4,2/3/20,0.523391813
82,red,-80,SACC,SACC,39.7,75.1,135.3,2/3/20,0.528628495
319,yellow,-50,SACC,SACC,34.2,64.1,107.6,2/3/20,0.533541342
71,red,-80,SACC,SACC,45.7,82.4,144.3,2/3/20,0.55461165
138,orange,-70,SACC,SACC,33.2,59.1,104.8,2/3/20,0.561759729
140,orange,-70,SACC,SACC,38.2,67.6,116.1,2/3/20,0.565088757
316,yellow,-50,SACC,SACC,34.4,60.7,108.8,2/3/20,0.566721582
95,red,-80,SACC,SACC,45.5,79.9,141.5,2/3/20,0.569461827
139,orange,-70,SACC,SACC,36,61.5,109.5,2/3/20,0.585365854
304,yellow,-50,SACC,SACC,35.2,55.4,100.4,2/3/20,0.635379061